symbol,side,entry_time,exit_time,hold_time_minutes,entry_price,exit_price,size,entry_cost,exit_value,pnl,pnl_pct,total_fees
BTC,LONG,2025-10-07 00:49:07,2025-10-07 01:40:47,51.666666666666664,,,,1243.16,1245.41,2.25,0.18099037935583512,1.0
BTC,SHORT,2025-11-02 10:16:00,2025-11-02 10:45:02,29.033333333333335,,,,107.17999999999999,107.07000000000001,0.10999999999998522,0.10263108788951786,0.08
BTC,LONG,2025-11-02 12:50:31,2025-11-02 12:57:39,7.133333333333334,,,,98.12,98.02,-0.10000000000000853,-0.10191602119854108,0.08
BTC,LONG,2025-11-02 16:38:10,2025-11-02 16:46:13,8.05,,,,83.57000000000001,83.59,0.01999999999999602,0.02393203302620081,0.06
BTC,SHORT,2025-11-02 17:29:56,2025-11-02 17:37:10,7.233333333333333,,,,93.35,93.5,-0.15000000000000568,-0.16068559185860276,0.08
BTC,LONG,2025-11-07 16:14:46,2025-11-07 16:15:08,0.36666666666666664,,,,15.43,15.41,-0.019999999999999574,-0.1296176279974049,0.02
BTC,SHORT,2025-11-07 16:17:47,2025-11-07 17:08:39,50.86666666666667,,,,15.41,15.48,-0.07000000000000028,-0.4542504866969519,0.02
BTC,LONG,2025-11-07 17:27:18,2025-11-07 17:33:09,5.85,,,,101.02000000000001,42.36,-58.66000000000001,-58.06770936448229,0.06
BTC,LONG,2025-11-07 17:27:18,2025-11-07 17:33:09,5.85,,,,274.21000000000004,333.74,59.52999999999997,21.709638598154687,0.24
BTC,LONG,2025-11-07 17:39:03,2025-11-07 17:44:30,5.45,,,,39.330000000000005,163.89000000000001,124.56,316.7048054919908,0.09000000000000001
BTC,LONG,2025-11-07 17:39:03,2025-11-07 17:44:30,5.45,,,,37.25,212.65,175.4,470.87248322147656,0.09999999999999999
BTC,SHORT,2025-11-07 17:50:02,2025-11-07 17:55:52,5.833333333333333,,,,375.24,36.309999999999995,338.93,90.32352627651636,0.16
BTC,SHORT,2025-11-07 18:01:37,2025-11-07 18:07:01,5.4,,,,374.68,374.46,0.22000000000002728,0.05871677164514446,0.3
BTC,SHORT,2025-11-07 18:18:17,2025-11-07 18:24:03,5.766666666666667,,,,374.62,374.51,0.11000000000001364,0.02936308792910513,0.3
BTC,SHORT,2025-11-07 18:40:43,2025-11-07 18:51:39,10.933333333333334,,,,374.99,38.32,336.67,89.78106082828876,0.16999999999999998
ETH,LONG,2025-10-30 13:41:20,2025-10-30 17:37:17,235.95,,,,29.87,117.7,87.83,294.04084365584197,0.060000000000000005
ETH,LONG,2025-10-30 13:44:16,2025-11-02 10:59:37,4155.35,,,,29.84,119.48,89.64,300.40214477211794,0.060000000000000005
ETH,LONG,2025-10-30 13:50:20,2025-11-02 11:44:09,4193.816666666667,,,,29.91,38.48,8.569999999999997,28.65262454028752,0.03
ETH,LONG,2025-10-30 13:56:34,2025-11-02 11:44:09,4187.583333333333,,,,29.85,38.48,8.629999999999995,28.911222780569496,0.03
ETH,LONG,2025-11-02 10:51:39,2025-11-02 11:44:09,52.5,,,,119.46,20.009999999999998,-99.44999999999999,-83.24962330487192,0.060000000000000005
ETH,LONG,2025-11-02 11:36:23,2025-11-02 12:57:38,81.25,,,,97.07000000000001,100.58,3.509999999999991,3.6159472545585563,0.08
ETH,LONG,2025-11-02 12:42:52,2025-11-02 15:33:45,170.88333333333333,,,,100.65,86.42,-14.230000000000004,-14.13810233482365,0.07
ETH,LONG,2025-11-02 15:26:27,2025-11-02 16:02:50,36.38333333333333,,,,86.42,94.58999999999999,8.169999999999987,9.453830131913895,0.07
ETH,LONG,2025-11-02 15:40:50,2025-11-02 16:23:51,43.016666666666666,,,,94.64,94.75,0.10999999999999943,0.116229923922231,0.08
ETH,LONG,2025-11-02 16:16:51,2025-11-02 16:46:12,29.35,,,,94.94000000000001,94.16,-0.7800000000000153,-0.8215715188540291,0.08
ETH,LONG,2025-11-02 16:31:08,2025-11-02 17:29:54,58.766666666666666,,,,94.33000000000001,76.61,-17.720000000000013,-18.785116081840357,0.07
ETH,LONG,2025-11-02 17:22:31,2025-11-03 20:48:19,1645.8,,,,76.69,21.919999999999998,-54.769999999999996,-71.41739470595905,0.04
ETH,LONG,2025-11-03 12:44:03,2025-11-03 21:06:38,502.5833333333333,,,,10.8,43.15,32.349999999999994,299.53703703703695,0.02
ETH,SHORT,2025-11-07 16:17:53,2025-11-07 17:08:51,50.96666666666667,,,,15.07,15.14,-0.07000000000000028,-0.46449900464499194,0.02
ETH,LONG,2025-11-03 14:02:28,2025-11-07 17:33:14,5970.766666666666,,,,11.22,376.72,365.5,3257.575757575757,0.15
ETH,LONG,2025-11-03 20:52:37,2025-11-07 17:44:36,5571.983333333334,,,,43.220000000000006,89.66,46.43999999999999,107.45025451180005,0.06
ETH,LONG,2025-11-07 17:27:22,2025-11-07 17:44:36,17.233333333333334,,,,375.23999999999995,286.28,-88.95999999999998,-23.707493870589488,0.26
ETH,SHORT,2025-11-07 17:50:05,2025-11-07 17:55:47,5.7,,,,375.19,376.46999999999997,-1.2799999999999727,-0.34116047869078936,0.3
ETH,SHORT,2025-11-07 18:18:20,2025-11-07 18:24:09,5.816666666666666,,,,374.85,375.08,-0.22999999999996135,-0.061357876483916586,0.3
ETH,SHORT,2025-11-07 18:29:38,2025-11-07 18:35:07,5.483333333333333,,,,374.56,375.15999999999997,-0.5999999999999659,-0.16018795386586018,0.3
ETH,SHORT,2025-11-07 18:40:39,2025-11-07 18:46:07,5.466666666666667,,,,374.71000000000004,375.2,-0.48999999999995225,-0.13076779376049535,0.3
ETH,SHORT,2025-11-07 18:51:33,2025-11-07 18:57:07,5.566666666666666,,,,374.99,375.77,-0.7799999999999727,-0.20800554681457442,0.3
ETH,SHORT,2025-11-07 19:02:38,2025-11-07 19:08:03,5.416666666666667,,,,374.77000000000004,375.71999999999997,-0.9499999999999318,-0.2534888064679488,0.3
DOGE,SHORT,2025-10-30 23:13:23,2025-10-30 23:24:18,10.916666666666666,0.18391,0.18475,,29.97,0.18,29.79,99.3993993993994,0.01
DOGE,LONG,2025-10-31 15:13:55,2025-10-31 15:19:28,5.55,0.18473,0.1844,,29.94,29.86,-0.08000000000000185,-0.2672010688042814,0.02
DOGE,LONG,2025-10-31 16:37:36,2025-10-31 16:45:20,7.733333333333333,0.18659,0.18734,,29.860000000000003,29.959999999999997,0.09999999999999432,0.33489618218350403,0.02
DOGE,SHORT,2025-10-31 19:33:44,2025-10-31 19:43:15,9.516666666666667,0.18662,0.18621,,92.89999999999999,92.77000000000001,0.12999999999998124,0.13993541442409177,0.08
DOGE,LONG,2025-10-31 22:59:16,2025-10-31 23:09:39,10.383333333333333,0.18573,0.18508,,92.91000000000001,92.5,-0.4100000000000108,-0.4412872672478859,0.08
DOGE,LONG,2025-11-01 00:31:26,2025-11-01 00:41:01,9.583333333333334,0.18669,0.18679,,111.68,111.66,-0.020000000000010232,-0.017908309455596554,0.08
DOGE,LONG,2025-11-01 05:28:56,2025-11-01 05:41:49,12.883333333333333,0.18684,0.18687,,885.41,53.05,-832.36,-94.00842547520358,0.37
DOGE,SHORT,2025-11-02 05:44:16,2025-11-02 05:55:08,10.866666666666667,0.18726,0.18717,,614.52,614.73,-0.21000000000003638,-0.03417301308338807,0.5
DOGE,SHORT,2025-11-07 16:47:10,2025-11-07 17:08:57,21.783333333333335,0.18041,0.1803,,374.38,374.45,-0.06999999999999318,-0.018697579998929743,0.3
DOGE,SHORT,2025-11-07 17:27:28,2025-11-07 17:33:26,5.966666666666667,0.17918,0.17955,,374.87,375.95,-1.079999999999984,-0.28809987462319847,0.3
DOGE,SHORT,2025-11-07 18:07:07,2025-11-07 18:12:33,5.433333333333334,0.18062,0.18084,,375.18,375.94,-0.7599999999999909,-0.20256943333866168,0.3
DOGE,SHORT,2025-11-07 18:29:41,2025-11-07 18:35:13,5.533333333333333,0.18067,0.18124,,374.56,376.03999999999996,-1.4799999999999613,-0.39513028620246726,0.3
DOGE,SHORT,2025-11-07 18:51:36,2025-11-07 18:57:13,5.616666666666666,0.18063,0.18066,,71.5,374.84,-303.34,-424.2517482517482,0.18
SOL,LONG,2025-10-06 16:55:49,2025-10-07 00:20:15,444.43333333333334,235.24,233.46,,275.34000000000003,273.03999999999996,-2.300000000000068,-0.8353308636595003,0.22
SOL,LONG,2025-10-07 00:43:16,2025-10-07 00:47:14,3.966666666666667,233.41,233.54,,11.67,11.68,0.009999999999999787,0.08568980291345148,0.0
SOL,LONG,2025-10-07 00:52:28,2025-10-07 01:13:07,20.65,233.5,232.99,,11.68,16.299999999999997,4.619999999999997,39.55479452054792,0.01
SOL,LONG,2025-10-07 01:00:14,2025-10-07 01:26:01,25.783333333333335,233.81,233.66,,16.380000000000003,14.01,-2.3700000000000028,-14.468864468864485,0.02
SOL,LONG,2025-10-07 01:15:23,2025-10-07 01:34:20,18.95,233.07,234.36,,13.99,11.72,-2.2699999999999996,-16.225875625446744,0.01
SOL,LONG,2025-10-07 01:30:32,2025-10-07 01:40:53,10.35,233.86,234.68,,11.69,28.15,16.46,140.80410607356717,0.01
SOL,LONG,2025-10-07 01:38:11,2025-10-07 01:50:36,12.416666666666666,234.61,235.07,,16.430000000000003,11.75,-4.680000000000003,-28.48447961046867,0.01
SOL,LONG,2025-10-07 01:45:37,2025-10-07 01:50:55,5.3,234.43,235.01,,14.08,14.09,0.009999999999999787,0.07102272727272575,0.02
SOL,LONG,2025-10-07 01:46:00,2025-10-07 02:21:29,35.483333333333334,234.5,234.68,,11.73,11.73,0.0,0.0,0.0
SOL,LONG,2025-10-07 01:46:10,2025-10-07 02:28:25,42.25,234.61,234.86,,14.09,11.74,-2.3499999999999996,-16.678495386799145,0.01
SOL,LONG,2025-10-07 01:56:28,2025-10-07 02:28:48,32.333333333333336,234.86,234.84,,11.74,14.08,2.34,19.931856899488924,0.01
SOL,LONG,2025-10-07 02:01:15,2025-10-07 02:28:52,27.616666666666667,234.81,234.84,,16.450000000000003,16.43,-0.020000000000003126,-0.121580547112481,0.02
SOL,LONG,2025-10-07 02:01:28,2025-10-07 02:40:10,38.7,234.77,234.86,,14.1,14.08,-0.019999999999999574,-0.14184397163120266,0.02
SOL,LONG,2025-10-07 02:01:31,2025-10-07 02:40:22,38.85,234.74,234.86,,14.09,14.08,-0.009999999999999787,-0.07097232079488848,0.02
SOL,LONG,2025-10-07 02:16:36,2025-10-07 02:40:33,23.95,234.38,234.91,,16.42,11.75,-4.670000000000002,-28.440925700365415,0.01
SOL,LONG,2025-10-07 02:16:39,2025-10-07 02:40:34,23.916666666666668,234.38,234.91,,14.07,14.08,0.009999999999999787,0.07107320540156209,0.02
SOL,LONG,2025-10-07 02:17:02,2025-10-07 03:15:34,58.53333333333333,234.31,232.75,,11.72,11.64,-0.08000000000000007,-0.6825938566552906,0.0
SOL,LONG,2025-10-07 02:18:25,2025-10-07 03:23:59,65.56666666666666,234.17,231.84,,11.71,11.59,-0.120000000000001,-1.0247651579846369,0.0
SOL,LONG,2025-10-07 02:31:49,2025-10-07 04:15:50,104.01666666666667,234.38,230.11,,14.07,13.8,-0.2699999999999996,-1.9189765458422146,0.02
SOL,LONG,2025-10-07 02:33:28,2025-10-07 04:50:30,137.03333333333333,234.33,230.69,,14.07,13.83,-0.2400000000000002,-1.705756929637528,0.02
SOL,LONG,2025-10-07 02:33:43,2025-10-07 05:08:51,155.13333333333333,234.32,229.15,,14.07,16.029999999999998,1.9599999999999973,13.930348258706449,0.02
SOL,LONG,2025-10-07 02:34:25,2025-10-07 06:25:56,231.51666666666668,234.36,229.87,,11.72,16.08,4.359999999999998,37.201365187713286,0.01
SOL,LONG,2025-10-07 03:03:44,2025-10-07 12:07:44,544.0,233.59,221.93,,11.68,2.22,-9.459999999999999,-80.9931506849315,0.0
SOL,LONG,2025-10-07 03:19:23,2025-10-07 12:07:44,528.35,232.72,221.97,,6.98,104.28999999999999,97.30999999999999,1394.126074498567,0.04
SOL,SHORT,2025-10-07 12:13:22,2025-10-07 15:50:52,217.5,223.38,222.16,,13.39,15.56,-2.17,-16.206123973114263,0.02
SOL,SHORT,2025-10-07 12:14:51,2025-10-07 16:06:08,231.28333333333333,223.3,222.16,,15.620000000000001,131.12,-115.5,-739.4366197183098,0.060000000000000005
SOL,SHORT,2025-10-07 13:44:03,2025-10-07 17:26:58,222.91666666666666,224.02,223.53,,11.2,13.42,-2.2200000000000006,-19.82142857142858,0.01
SOL,LONG,2025-10-07 03:19:23,2025-10-07 18:00:40,881.2833333333333,232.74,223.09,,4.65,13.38,8.73,187.74193548387098,0.01
SOL,SHORT,2025-10-07 13:57:44,2025-10-07 18:19:57,262.21666666666664,224.5,223.97,,11.23,11.2,0.030000000000001137,0.26714158504008134,0.0
SOL,LONG,2025-10-07 03:49:51,2025-10-07 18:39:51,890.0,230.38,223.59,,16.14,13.41,-2.7300000000000004,-16.91449814126394,0.02
SOL,LONG,2025-10-07 04:05:12,2025-10-07 20:02:58,957.7666666666667,230.83,221.91,,13.86,2.22,-11.639999999999999,-83.98268398268398,0.01
SOL,SHORT,2025-10-07 14:10:47,2025-10-07 20:05:14,354.45,223.79,222.1,,11.19,33.33,-22.14,-197.85522788203755,0.01
SOL,LONG,2025-10-07 04:20:25,2025-10-07 20:09:41,949.2666666666667,230.19,221.96,,13.82,6.66,-7.16,-51.808972503617944,0.01
SOL,SHORT,2025-10-07 14:14:04,2025-10-07 23:18:58,544.9,223.94,222.25,,11.2,28.900000000000002,-17.700000000000003,-158.03571428571433,0.01
SOL,LONG,2025-10-07 05:06:33,2025-10-08 15:27:55,2061.366666666667,229.89,227.56,,16.1,88.71,72.60999999999999,450.9937888198756,0.05
SOL,LONG,2025-10-07 05:21:47,2025-10-29 23:20:14,32758.45,228.39,196.43,,11.42,11.79,0.3699999999999992,3.2399299474605887,0.0
SOL,SHORT,2025-10-07 14:17:46,2025-10-29 23:49:49,32252.05,223.31,197.26,,15.620000000000001,73.02,-57.39999999999999,-367.47759282970543,0.04
SOL,LONG,2025-10-07 05:37:08,2025-10-30 01:32:15,32875.11666666667,229.07,190.78,,13.75,34.330000000000005,20.580000000000005,149.67272727272731,0.02
SOL,LONG,2025-10-07 05:52:29,2025-10-30 01:36:51,32864.36666666667,229.98,194.09,,16.110000000000003,38.8,22.689999999999994,140.84419615145868,0.03
SOL,SHORT,2025-10-07 14:47:47,2025-10-30 02:48:05,32400.3,224.11,195.01,,15.68,35.11,-19.43,-123.91581632653062,0.02
SOL,SHORT,2025-10-07 14:54:02,2025-10-30 09:17:55,32783.88333333333,223.18,190.22,,13.38,38.06,-24.68,-184.45440956651717,0.03
SOL,SHORT,2025-10-07 15:18:38,2025-10-30 10:38:13,32839.583333333336,222.23,186.4,,13.32,35.43,-22.11,-165.990990990991,0.02
SOL,SHORT,2025-10-07 15:59:18,2025-10-30 13:10:46,32951.46666666667,221.37,185.28,,15.49,35.21,-19.72,-127.30794060684312,0.02
SOL,LONG,2025-10-07 17:48:15,2025-10-30 16:36:59,33048.73333333333,223.88,179.71,,13.44,32.34,18.900000000000006,140.62500000000006,0.02
SOL,LONG,2025-10-07 18:19:57,2025-10-30 17:37:20,33077.38333333333,223.97,180.84,,2.24,61.47,59.23,2644.196428571428,0.02
SOL,LONG,2025-10-07 18:31:19,2025-10-30 18:56:43,33145.4,224.06,182.35,,13.45,27.34,13.89,103.27137546468404,0.02
SOL,LONG,2025-10-07 20:05:14,2025-10-30 18:56:43,33051.48333333333,222.1,182.3,,6.66,1.82,-4.84,-72.67267267267266,0.0
SOL,LONG,2025-10-07 23:18:58,2025-10-31 10:23:51,33784.88333333333,222.25,186.97,,6.67,29.91,23.240000000000002,348.4257871064468,0.01
SOL,LONG,2025-10-08 02:55:21,2025-10-31 14:50:22,33835.01666666667,219.11,185.4,,39.46,29.65,-9.810000000000002,-24.860618347693872,0.03
SOL,LONG,2025-10-08 02:57:08,2025-10-31 15:06:23,33849.25,219.46,185.18,,39.52,29.619999999999997,-9.900000000000006,-25.050607287449406,0.03
SOL,LONG,2025-10-29 23:19:41,2025-10-31 15:34:45,2415.0666666666666,196.46,184.63,,11.79,29.529999999999998,17.74,150.46649703138252,0.01
SOL,LONG,2025-10-30 01:17:18,2025-10-31 15:50:36,2313.3,192.86,185.63,,34.72,29.689999999999998,-5.030000000000001,-14.487327188940096,0.02
SOL,LONG,2025-10-30 01:33:02,2025-10-31 16:06:03,2313.016666666667,190.29,185.16,,38.080000000000005,29.619999999999997,-8.460000000000008,-22.216386554621867,0.03
SOL,LONG,2025-10-30 14:13:32,2025-11-02 10:59:39,4126.116666666667,184.09,185.0,,29.46,116.5,87.03999999999999,295.45145960624575,0.060000000000000005
SOL,LONG,2025-10-30 14:32:24,2025-11-03 20:48:19,6135.916666666667,181.7,165.7,,32.72,96.07,63.349999999999994,193.6124694376528,0.05
SOL,LONG,2025-10-30 16:46:14,2025-11-03 21:06:38,6020.4,179.61,165.52,,32.339999999999996,41.36,9.020000000000003,27.891156462585048,0.03
SOL,SHORT,2025-10-07 17:23:27,2025-11-07 17:08:45,44625.3,223.0,163.59,,13.370000000000001,374.77,-361.4,-2703.0665669409123,0.16
SOL,SHORT,2025-10-07 18:14:59,2025-11-07 17:33:20,44598.35,223.66,162.91,,11.18,376.46999999999997,-365.28999999999996,-3267.3524150268336,0.15
ZEC,SHORT,2025-10-31 18:23:27,2025-10-31 18:32:43,9.266666666666667,397.66,398.93,,27.83,27.94,-0.11000000000000298,-0.39525691699605814,0.02
ZEC,SHORT,2025-11-02 10:15:59,2025-11-02 10:45:01,29.033333333333335,402.54,399.34,,116.69,115.86,0.8299999999999983,0.7112863141657368,0.1
ZEC,SHORT,2025-11-02 11:14:23,2025-11-02 11:14:25,0.03333333333333333,393.46,393.74,,11.8,86.65,-74.85000000000001,-634.3220338983051,0.03
ZEC,LONG,2025-11-02 11:29:22,2025-11-02 11:36:20,6.966666666666667,385.04,384.64,,115.56,115.34,-0.21999999999999886,-0.1903772931810305,0.1
ZEC,LONG,2025-11-02 12:06:32,2025-11-02 12:13:50,7.3,377.3,378.49,,83.04,83.24,0.19999999999998863,0.24084778420037165,0.06
ZEC,LONG,2025-11-02 12:34:55,2025-11-02 12:42:51,7.933333333333334,384.39,380.8,,11.53,91.35,79.82,692.2810060711188,0.04
ZEC,LONG,2025-11-02 12:34:55,2025-11-02 13:11:45,36.833333333333336,384.41,370.5,,80.76,88.88,8.11999999999999,10.054482417038125,0.07
ZEC,LONG,2025-11-02 13:04:33,2025-11-02 13:56:42,52.15,374.28,390.09,,11.23,101.38,90.14999999999999,802.7604630454139,0.04
ZEC,LONG,2025-11-02 13:04:33,2025-11-02 14:19:31,74.96666666666667,374.39,387.98,,14.99,96.96,81.97,546.8312208138759,0.05
ZEC,LONG,2025-11-02 13:04:33,2025-11-02 15:03:55,119.36666666666666,374.54,392.04,,63.7,94.05,30.349999999999994,47.64521193092621,0.07
ZEC,LONG,2025-11-02 13:48:41,2025-11-02 15:33:44,105.05,390.86,390.64,,101.66000000000001,11.72,-89.94000000000001,-88.47137517214244,0.04
ZEC,LONG,2025-11-02 14:11:51,2025-11-02 15:33:44,81.88333333333334,391.75,390.5,,97.98,23.419999999999998,-74.56,-76.0971626862625,0.05
ZEC,LONG,2025-11-02 14:56:15,2025-11-02 15:33:44,37.483333333333334,391.18,390.45,,19.57,58.55,38.98,199.18242207460398,0.03
ZEC,LONG,2025-11-02 14:56:15,2025-11-02 15:48:31,52.266666666666666,391.19,395.95,,74.36,91.02999999999999,16.669999999999987,22.417966648735863,0.07
ZEC,LONG,2025-11-02 15:26:25,2025-11-02 16:02:48,36.38333333333333,391.18,397.5,,93.92,23.84,-70.08,-74.6166950596252,0.05
ZEC,LONG,2025-11-02 15:40:51,2025-11-02 16:02:48,21.95,392.97,397.49,,90.42,59.599999999999994,-30.820000000000007,-34.0853793408538,0.06
ZEC,LONG,2025-11-02 15:55:39,2025-11-02 16:16:49,21.166666666666668,394.41,393.04,,82.86,94.28999999999999,11.429999999999993,13.79435191889934,0.07
ZEC,LONG,2025-11-02 16:09:42,2025-11-02 16:31:06,21.4,396.54,389.87,,95.21000000000001,27.279999999999998,-67.93,-71.34754752652033,0.05
ZEC,LONG,2025-11-02 16:23:53,2025-11-02 16:31:06,7.216666666666667,389.74,389.94,,85.77,19.49,-66.28,-77.27643698262796,0.04
ZEC,LONG,2025-11-02 17:08:00,2025-11-02 17:15:01,7.016666666666667,397.7,393.45,,23.87,82.59,58.72,245.99916212819437,0.04
ZEC,LONG,2025-11-02 17:08:00,2025-11-02 17:52:47,44.78333333333333,397.71,394.03,,59.68,94.52999999999999,34.84999999999999,58.39477211796245,0.06
ZEC,LONG,2025-11-02 17:45:04,2025-11-02 18:07:22,22.3,393.53,395.89,,23.62,79.15,55.53,235.0973751058425,0.04
ZEC,LONG,2025-11-02 17:45:04,2025-11-02 18:22:01,36.95,393.6,395.39,,70.88,23.709999999999997,-47.17,-66.54909706546276,0.04
ZEC,LONG,2025-11-02 18:00:15,2025-11-02 18:22:01,21.766666666666666,395.31,395.38,,79.09,35.57,-43.52,-55.02591983815906,0.04
ZEC,LONG,2025-11-02 18:14:36,2025-11-02 18:36:38,22.033333333333335,394.94,401.76,,59.260000000000005,68.27,9.009999999999991,15.204184947688137,0.05
ZEC,LONG,2025-11-02 18:29:32,2025-11-02 18:51:26,21.9,397.93,402.12,,67.68,56.279999999999994,-11.400000000000013,-16.84397163120569,0.05
ZEC,SHORT,2025-11-02 11:14:23,2025-11-02 19:22:35,488.2,393.4,415.56,,74.72,91.46000000000001,-16.74000000000001,-22.403640256959328,0.07
ZEC,SHORT,2025-11-02 19:14:19,2025-11-02 19:38:01,23.7,416.07,408.79,,16.63,81.79,-65.16000000000001,-391.82200841852085,0.04
ZEC,SHORT,2025-11-02 19:14:19,2025-11-03 20:48:19,1534.0,415.98,427.09,,62.379999999999995,115.36,-52.980000000000004,-84.9310676498878,0.07
ZEC,SHORT,2025-11-02 19:14:19,2025-11-03 21:06:38,1552.3166666666666,416.15,428.96,,12.48,72.95,-60.47,-484.5352564102564,0.03
XPL,LONG,2025-10-07 04:35:56,2025-10-07 04:36:43,0.7833333333333333,1.0225,1.0182,,14.33,14.24,-0.08999999999999986,-0.628053035589671,0.02
XPL,LONG,2025-10-07 12:55:54,2025-10-07 13:05:08,9.233333333333333,0.9325,0.9275,,14.0,13.9,-0.09999999999999964,-0.7142857142857117,0.02
XPL,LONG,2025-10-07 13:27:14,2025-10-07 13:29:35,2.35,0.9206,0.9167,,11.97,13.74,1.7699999999999996,14.786967418546363,0.01
XPL,LONG,2025-10-07 13:28:01,2025-10-07 13:29:36,1.5833333333333333,0.9217,0.9167,,13.84,11.92,-1.92,-13.872832369942195,0.01
XPL,LONG,2025-10-07 13:42:31,2025-10-07 13:44:04,1.55,0.9268,0.9219,,12.05,11.98,-0.07000000000000028,-0.5809128630705418,0.0
XPL,LONG,2025-10-07 14:16:25,2025-10-07 14:46:26,30.016666666666666,0.9133,0.9162,,14.62,14.65,0.030000000000001137,0.2051983584131405,0.02
XPL,LONG,2025-10-07 14:33:54,2025-10-07 14:50:18,16.4,0.9144,0.9111,,10.97,12.75,1.7799999999999994,16.226071103008195,0.01
XPL,LONG,2025-10-07 14:48:46,2025-10-07 14:50:53,2.1166666666666667,0.9153,0.9085,,12.82,10.9,-1.92,-14.976599063962556,0.01
XPL,LONG,2025-10-07 15:24:43,2025-10-07 15:32:24,7.683333333333334,0.9152,0.9105,,10.98,10.93,-0.05000000000000071,-0.4553734061930848,0.0
XPL,LONG,2025-10-07 15:35:28,2025-10-07 15:39:20,3.8666666666666667,0.9073,0.9035,,15.43,15.35,-0.08000000000000007,-0.518470511989631,0.02
XPL,LONG,2025-10-07 15:40:01,2025-10-07 15:48:27,8.433333333333334,0.9035,0.9,,10.84,10.8,-0.03999999999999915,-0.3690036900368925,0.0
XPL,LONG,2025-10-07 15:55:18,2025-10-07 16:06:18,11.0,0.9013,0.8989,,13.53,26.06,12.53,92.6090169992609,0.02
XPL,LONG,2025-10-07 16:06:09,2025-10-07 16:46:04,39.916666666666664,0.8992,0.9022,,12.6,15.33,2.7300000000000004,21.66666666666667,0.02
XPL,LONG,2025-10-07 16:15:18,2025-10-07 17:14:56,59.63333333333333,0.899,0.9186,,15.29,14.69,-0.5999999999999996,-3.924133420536296,0.02
XPL,LONG,2025-10-07 16:38:10,2025-10-07 17:21:03,42.88333333333333,0.9016,0.9182,,14.44,11.02,-3.42,-23.68421052631579,0.01
XPL,LONG,2025-10-07 16:46:06,2025-10-07 17:42:39,56.55,0.903,0.9222,,10.84,11.07,0.23000000000000043,2.121771217712181,0.0
XPL,LONG,2025-10-07 17:39:36,2025-10-07 18:11:32,31.933333333333334,0.9248,0.9173,,11.1,12.83,1.7300000000000004,15.58558558558559,0.01
XPL,LONG,2025-10-07 18:04:32,2025-10-08 15:28:11,1283.65,0.9229,0.8852,,12.93,14.15,1.2200000000000006,9.435421500386703,0.02
XPL,SHORT,2025-10-31 19:52:20,2025-10-31 20:39:33,47.21666666666667,0.3018,0.3046,,124.29,125.55,-1.259999999999991,-1.013758146270811,0.1
XPL,SHORT,2025-11-01 02:48:39,2025-11-01 03:09:04,20.416666666666668,0.2969,0.2962,,796.8599999999999,972.22,-175.36000000000013,-22.006375021961215,0.71
XPL,SHORT,2025-11-01 02:48:39,2025-11-02 04:34:37,1545.9666666666667,0.2968,0.2973,,176.82,976.72,-799.9000000000001,-452.38095238095246,0.46
XPL,LONG,2025-10-07 18:35:26,2025-11-02 14:33:59,37198.55,0.9188,0.2577,,14.709999999999999,75.48,60.77,413.1203263086336,0.04
XPL,LONG,2025-11-02 14:26:24,2025-11-02 14:33:59,7.583333333333333,0.2586,0.2577,,98.83000000000001,22.93,-75.9,-76.79854295254476,0.05
XPL,LONG,2025-11-02 14:41:31,2025-11-02 14:48:57,7.433333333333334,0.2592,0.2588,,78.83,78.65,-0.1799999999999926,-0.22833946467080124,0.06
XPL,LONG,2025-11-02 15:11:01,2025-11-02 15:18:20,7.316666666666666,0.2592,0.2572,,95.43,94.61,-0.8200000000000074,-0.8592685738237528,0.08
XPL,LONG,2025-11-03 09:00:09,2025-11-03 09:14:31,14.366666666666667,0.276,0.2745,,67.65,16.459999999999997,-51.19000000000001,-75.6688839615669,0.04
XPL,LONG,2025-11-03 09:29:02,2025-11-03 13:48:15,259.21666666666664,0.2765,0.2793,,10.51,10.61,0.09999999999999964,0.9514747859181698,0.0
XPL,LONG,2025-11-03 09:43:56,2025-11-03 14:31:38,287.7,0.2788,0.2832,,10.04,10.2,0.16000000000000014,1.5936254980079698,0.0
XPL,LONG,2025-11-03 09:51:21,2025-11-03 20:48:19,656.9666666666667,0.2855,0.2726,,10.56,74.94,64.38,609.6590909090909,0.03
XPL,LONG,2025-11-03 12:43:59,2025-11-03 21:06:38,502.65,0.2574,0.2725,,13.65,47.4,33.75,247.25274725274727,0.03
MON,LONG,2025-11-02 18:07:24,2025-11-02 18:14:39,7.25,0.0422,0.04196,,86.16,85.61,-0.5499999999999972,-0.6383472609099318,0.06
MON,LONG,2025-11-02 18:36:41,2025-11-02 18:44:17,7.6,0.04205,0.0418,,85.64,85.07,-0.5700000000000074,-0.6655768332554968,0.06
MON,LONG,2025-11-02 18:51:29,2025-11-02 19:07:09,15.666666666666666,0.04221,0.04275,,84.91,85.94,1.0300000000000011,1.213049110823226,0.06
MON,SHORT,2025-11-03 14:59:31,2025-11-03 20:48:19,348.8,0.04155,0.04095,,11.3,11.14,0.16000000000000014,1.415929203539824,0.0
MON,SHORT,2025-11-03 20:52:34,2025-11-03 21:06:38,14.066666666666666,0.04078,0.04154,,68.07,69.4,-1.3300000000000125,-1.953871015131501,0.06
WLFI,LONG,2025-11-02 15:11:02,2025-11-02 15:18:21,7.316666666666666,0.1331,0.1325,,86.81,86.36,-0.45000000000000284,-0.5183734592788882,0.06
WLFI,LONG,2025-11-03 09:00:14,2025-11-03 20:48:19,708.0833333333334,0.1234,0.1148,,34.19,31.79,-2.3999999999999986,-7.019596373208536,0.02
PAXG,LONG,2025-11-02 11:21:24,2025-11-02 11:29:21,7.95,,,,11.99,67.87,55.88,466.0550458715597,0.03
PAXG,LONG,2025-11-02 11:21:24,2025-11-02 11:29:21,7.95,,,,95.95,27.95,-68.0,-70.87024491922877,0.05
PAXG,LONG,2025-11-02 16:38:08,2025-11-02 17:08:01,29.883333333333333,,,,91.99000000000001,91.89999999999999,-0.09000000000001762,-0.09783672138277814,0.08
PAXG,SHORT,2025-11-03 12:43:58,2025-11-03 20:48:19,484.35,,,,12.03,11.97,0.05999999999999872,0.49875311720697196,0.0
CRV,LONG,2025-11-02 11:06:08,2025-11-02 11:14:26,8.3,0.4711,0.4671,,98.36,97.44,-0.9200000000000017,-0.9353395689304612,0.08
CRV,LONG,2025-11-02 16:53:20,2025-11-02 17:00:52,7.533333333333333,0.4642,0.4637,,70.63,70.5,-0.12999999999999545,-0.1840577658218823,0.06
CRV,SHORT,2025-11-03 12:44:02,2025-11-03 20:48:19,484.28333333333336,0.4237,0.4291,,11.95,12.1,-0.15000000000000036,-1.2552301255230156,0.0
2Z,LONG,2025-11-03 09:00:10,2025-11-03 20:48:19,708.15,0.166,0.1596,,67.76,65.09,-2.6700000000000017,-3.9403778040141697,0.06
FARTCOIN,LONG,2025-11-03 13:48:18,2025-11-03 20:48:19,420.01666666666665,0.2755,0.2617,,11.32,10.76,-0.5600000000000005,-4.9469964664310995,0.0
AVAX,SHORT,2025-11-03 09:29:00,2025-11-03 20:48:19,679.3166666666667,17.617,16.66,,11.63,11.0,0.6300000000000008,5.4170249355116145,0.0
AAVE,LONG,2025-11-02 15:48:32,2025-11-02 15:55:40,7.133333333333334,226.9,226.79,,93.07000000000001,92.94,-0.13000000000000966,-0.13967981089503562,0.08
AAVE,LONG,2025-11-02 16:09:43,2025-11-02 16:16:50,7.116666666666666,225.84,225.67,,85.85,85.72,-0.12999999999999545,-0.15142690739661674,0.06
AAVE,LONG,2025-11-02 16:23:52,2025-11-02 16:31:07,7.25,225.4,224.99,,94.71000000000001,94.46,-0.2500000000000142,-0.2639636785978399,0.08
AAVE,SHORT,2025-11-02 18:59:00,2025-11-02 19:07:07,8.116666666666667,226.52,226.58,,33.97,58.93,-24.96,-73.47659699735061,0.03
AAVE,SHORT,2025-11-02 18:59:00,2025-11-02 19:38:04,39.06666666666667,226.53,224.28,,24.91,83.01,-58.10000000000001,-233.23966278602973,0.04
AAVE,SHORT,2025-11-02 19:30:01,2025-11-03 20:48:19,1518.3,225.49,199.28,,83.4,33.89,49.510000000000005,59.36450839328538,0.04
ENA,LONG,2025-10-31 20:49:00,2025-11-01 00:21:21,212.35,0.39202,0.39087,,92.95,92.6,-0.3500000000000085,-0.37654653039269337,0.08
ENA,LONG,2025-11-01 00:51:04,2025-11-01 00:57:13,6.15,0.39223,0.39153,,124.39,124.07000000000001,-0.3199999999999932,-0.2572554063831443,0.1
ENA,LONG,2025-11-01 01:15:43,2025-11-01 01:44:04,28.35,0.38901,0.38825,,735.13,714.09,-21.039999999999964,-2.8620788159917243,0.58
ENA,LONG,2025-11-01 03:59:55,2025-11-01 04:10:33,10.633333333333333,0.38725,0.38752,,690.36,690.28,-0.08000000000004093,-0.011588156903650403,0.56
ENA,LONG,2025-11-01 04:29:35,2025-11-01 05:09:42,40.11666666666667,0.38954,0.38921,,975.41,973.8000000000001,-1.6099999999999,-0.16505879578842744,0.78
ENA,LONG,2025-11-01 20:24:49,2025-11-01 21:21:55,57.1,0.38513,0.38431,,975.15,972.3000000000001,-2.849999999999909,-0.29226272881094284,0.78
ENA,LONG,2025-11-01 21:59:16,2025-11-02 03:53:23,354.1166666666667,0.38324,0.39159,,720.01,735.12,15.110000000000014,2.098581964139389,0.58
ENA,LONG,2025-11-02 11:21:22,2025-11-02 11:29:19,7.95,0.36822,0.36679,,96.15,95.69,-0.46000000000000796,-0.47841913676547887,0.08
ENA,LONG,2025-11-02 11:44:08,2025-11-02 11:51:13,7.083333333333333,0.36587,0.36575,,108.34,108.22,-0.12000000000000455,-0.11076241462064293,0.08
ENA,LONG,2025-11-02 11:59:04,2025-11-02 12:13:49,14.75,0.36609,0.36572,,91.93,91.75999999999999,-0.17000000000001592,-0.18492331121507224,0.08
ENA,LONG,2025-11-02 12:20:43,2025-11-02 12:27:56,7.216666666666667,0.36372,0.3646,,103.34,103.50999999999999,0.1699999999999875,0.16450551577316383,0.08
ENA,LONG,2025-11-02 12:34:52,2025-11-02 12:42:50,7.966666666666667,0.36626,0.36377,,83.54,23.639999999999997,-59.900000000000006,-71.70217859707925,0.04
ENA,LONG,2025-11-02 13:04:32,2025-11-02 13:11:44,7.2,0.36331,0.36289,,100.68,100.47999999999999,-0.20000000000001705,-0.1986491855383562,0.08
ENA,LONG,2025-11-02 13:19:21,2025-11-02 13:27:07,7.766666666666667,0.36312,0.36649,,100.99000000000001,101.83999999999999,0.8499999999999801,0.8416674918308547,0.08
ENA,LONG,2025-11-02 13:34:04,2025-11-02 13:41:45,7.683333333333334,0.36902,0.37187,,85.27,85.87,0.6000000000000085,0.7036472381846002,0.06
ENA,LONG,2025-11-02 13:56:43,2025-11-02 14:04:16,7.55,0.37577,0.37458,,86.46000000000001,86.12,-0.3400000000000034,-0.39324543141337426,0.06
ENA,LONG,2025-11-02 14:11:52,2025-11-02 14:19:32,7.666666666666667,0.37351,0.37145,,91.55000000000001,90.97,-0.5800000000000125,-0.6335335882031812,0.08
ENA,LONG,2025-11-02 17:37:13,2025-11-02 17:45:02,7.816666666666666,0.36572,0.36554,,76.1,76.0,-0.09999999999999432,-0.13140604467804773,0.06
ENA,LONG,2025-11-02 17:52:49,2025-11-02 18:00:14,7.416666666666667,0.36652,0.36674,,94.60000000000001,94.58,-0.020000000000010232,-0.021141649048636607,0.08
ENA,LONG,2025-11-02 18:07:23,2025-11-02 18:14:38,7.25,0.3671,0.36565,,94.38000000000001,93.92999999999999,-0.45000000000001705,-0.4767959313414039,0.08
ENA,LONG,2025-11-02 18:22:04,2025-11-02 18:29:33,7.483333333333333,0.36679,0.36659,,76.69,76.59,-0.09999999999999432,-0.13039509714433994,0.06
ENA,LONG,2025-11-02 18:36:40,2025-11-02 18:44:16,7.6,0.36673,0.36703,,93.92,93.91999999999999,-1.4210854715202004e-14,-1.513080783134796e-14,0.08
ENA,LONG,2025-11-02 18:51:28,2025-11-02 18:59:01,7.55,0.36721,0.36641,,92.94000000000001,92.66,-0.28000000000001535,-0.3012696363245269,0.08
ENA,SHORT,2025-11-02 19:07:08,2025-11-02 19:14:18,7.166666666666667,0.36665,0.3679,,67.8,68.09,-0.29000000000000625,-0.4277286135693308,0.06
ENA,LONG,2025-11-02 19:22:37,2025-11-02 19:29:59,7.366666666666666,0.36854,0.36738,,93.65,93.27,-0.38000000000000966,-0.4057661505606083,0.08
ENA,LONG,2025-11-02 19:38:03,2025-11-02 19:45:36,7.55,0.3662,0.3662,,87.19,87.13,-0.060000000000002274,-0.06881523110448706,0.06
ENA,SHORT,2025-11-03 09:00:07,2025-11-03 20:48:19,708.2,0.35261,0.33061,,77.53999999999999,72.76,4.779999999999987,6.164560226979607,0.06
LDO,LONG,2025-11-03 14:02:30,2025-11-03 20:48:19,405.81666666666666,0.7619,0.7385,,10.51,10.19,-0.3200000000000003,-3.044719314938157,0.0
HYPE,LONG,2025-10-31 20:16:27,2025-10-31 21:19:51,63.4,44.012,43.467,,124.6,122.96000000000001,-1.6399999999999864,-1.31621187800962,0.1
HYPE,LONG,2025-11-01 03:09:05,2025-11-01 17:35:37,866.5333333333333,43.833,43.612,,674.86,670.9200000000001,-3.939999999999941,-0.5838247932904514,0.54
HYPE,LONG,2025-11-03 09:21:56,2025-11-03 20:48:19,686.3833333333333,41.923,39.889,,13.43,34.690000000000005,21.260000000000005,158.30230826507824,0.02
PUMP,LONG,2025-10-30 21:35:20,2025-10-30 21:44:19,8.983333333333333,0.00438,0.004409,,30.01,30.189999999999998,0.17999999999999616,0.599800066644439,0.02
PUMP,LONG,2025-10-30 22:23:42,2025-10-30 22:29:52,6.166666666666667,0.00447,0.004483,,30.020000000000003,30.08,0.05999999999999517,0.19986675549631966,0.02
PUMP,LONG,2025-10-31 12:12:56,2025-10-31 12:20:50,7.9,0.004505,0.004495,,30.01,29.93,-0.08000000000000185,-0.2665778073975403,0.02
PUMP,LONG,2025-10-31 16:54:10,2025-10-31 17:01:53,7.716666666666667,0.004476,0.004671,,30.020000000000003,31.31,1.2899999999999956,4.297135243171204,0.02
PUMP,SHORT,2025-10-31 17:08:30,2025-10-31 17:14:08,5.633333333333334,0.004653,0.004665,,29.97,30.07,-0.10000000000000142,-0.33366700033367175,0.02
PUMP,LONG,2025-10-31 18:41:28,2025-10-31 18:49:30,8.033333333333333,0.004684,0.004646,,30.020000000000003,29.759999999999998,-0.2600000000000051,-0.8660892738174719,0.02
PUMP,SHORT,2025-10-31 18:58:43,2025-10-31 19:06:48,8.083333333333334,0.004667,0.004716,,29.979999999999997,30.32,-0.3400000000000034,-1.1340893929286304,0.02
PUMP,LONG,2025-10-31 19:15:13,2025-10-31 19:33:44,18.516666666666666,0.004754,0.004653,,54.03,52.839999999999996,-1.1900000000000048,-2.2024801036461312,0.04
PUMP,LONG,2025-10-31 19:43:14,2025-10-31 19:52:20,9.1,0.004648,0.004675,,104.17,104.69,0.519999999999996,0.49918402611116064,0.08
PUMP,LONG,2025-10-31 20:39:32,2025-10-31 20:48:59,9.45,0.004645,0.004641,,104.15,103.97999999999999,-0.17000000000001592,-0.16322611617860383,0.08
PUMP,LONG,2025-10-31 21:09:25,2025-10-31 21:19:50,10.416666666666666,0.004616,0.004631,,129.68,130.0,0.3199999999999932,0.24676125848241298,0.1
PUMP,LONG,2025-10-31 21:38:53,2025-10-31 21:50:34,11.683333333333334,0.004627,0.004691,,129.69,131.38,1.6899999999999977,1.3031074099776374,0.1
PUMP,LONG,2025-10-31 22:39:19,2025-10-31 22:49:41,10.366666666666667,0.004628,0.004595,,129.70000000000002,128.67999999999998,-1.0200000000000387,-0.7864302235929365,0.1
PUMP,LONG,2025-10-31 23:39:30,2025-11-01 00:01:56,22.433333333333334,0.00451,0.004565,,104.15,105.33999999999999,1.1899999999999835,1.1425828132501041,0.08
PUMP,LONG,2025-11-01 00:21:20,2025-11-01 00:31:26,10.1,0.004609,0.004613,,129.62,129.63,0.009999999999990905,0.007714858818076612,0.1
PUMP,LONG,2025-11-01 00:41:00,2025-11-01 00:51:03,10.05,0.004662,0.004634,,129.66000000000003,128.78,-0.8800000000000239,-0.678698133580151,0.1
PUMP,LONG,2025-11-02 10:51:41,2025-11-02 10:59:36,7.916666666666667,0.004478,0.004478,,112.32000000000001,112.24,-0.0800000000000125,-0.07122507122508236,0.08
PUMP,LONG,2025-11-02 11:06:07,2025-11-02 11:21:23,15.266666666666667,0.004487,0.004445,,119.78999999999999,118.57000000000001,-1.2199999999999847,-1.0184489523332372,0.1
PUMP,LONG,2025-11-02 11:51:15,2025-11-02 12:06:33,15.3,0.004324,0.004325,,90.10000000000001,90.03999999999999,-0.060000000000016485,-0.06659267480578965,0.08
PUMP,LONG,2025-11-02 12:20:44,2025-11-02 12:27:57,7.216666666666667,0.00436,0.004369,,94.19000000000001,94.30999999999999,0.11999999999997613,0.1274020596666059,0.08
PUMP,LONG,2025-11-02 13:19:22,2025-11-02 13:27:08,7.766666666666667,0.004218,0.004251,,92.01,92.64999999999999,0.6399999999999864,0.6955765677643585,0.08
PUMP,LONG,2025-11-02 13:34:03,2025-11-02 13:41:44,7.683333333333334,0.004253,0.004252,,104.48,104.36999999999999,-0.11000000000001364,-0.10528330781012026,0.08
PUMP,LONG,2025-11-02 13:48:42,2025-11-02 14:04:15,15.55,0.00426,0.004253,,94.59,94.35,-0.2400000000000091,-0.25372660957818916,0.08
PUMP,LONG,2025-11-02 14:26:26,2025-11-02 14:48:58,22.533333333333335,0.004268,0.004263,,89.9,89.71,-0.19000000000001194,-0.21134593993327241,0.08
PUMP,LONG,2025-11-02 14:56:16,2025-11-02 15:03:56,7.666666666666667,0.004271,0.004264,,86.84,86.64,-0.20000000000000284,-0.23030861354214976,0.06
PUMP,LONG,2025-11-02 17:15:03,2025-11-02 17:22:29,7.433333333333334,0.00424,0.004254,,93.52000000000001,93.75,0.22999999999998977,0.24593669803249546,0.08
PUMP,LONG,2025-11-02 17:52:50,2025-11-02 18:00:16,7.433333333333334,0.004269,0.004267,,86.09,85.99,-0.10000000000000853,-0.11615750958300444,0.06
PUMP,LONG,2025-11-02 18:22:02,2025-11-02 18:29:34,7.533333333333333,0.004264,0.004264,,93.7,93.61999999999999,-0.0800000000000125,-0.08537886873000268,0.08
PUMP,LONG,2025-11-02 19:14:20,2025-11-02 19:22:36,8.266666666666667,0.00428,0.004286,,85.2,85.26,0.060000000000002274,0.07042253521127027,0.06
PUMP,LONG,2025-11-02 19:45:37,2025-11-03 12:39:18,1013.6833333333333,0.004233,0.003862,,79.16,107.66999999999999,28.50999999999999,36.01566447700858,0.07
PUMP,LONG,2025-11-03 09:07:38,2025-11-03 20:48:19,700.6833333333333,0.004105,0.003844,,20.490000000000002,12.25,-8.240000000000002,-40.21473889702295,0.01
PENGU,LONG,2025-10-02 00:05:59,2025-10-02 11:50:45,704.7666666666667,0.031722,0.03062,,368.84,355.89,-12.949999999999989,-3.51100748291942,0.14
PENGU,LONG,2025-10-06 16:17:31,2025-10-07 00:20:20,482.81666666666666,0.03315,0.033197,,35.019999999999996,70.08,35.06,100.11422044545975,0.04
PENGU,LONG,2025-10-06 16:17:46,2025-10-07 03:38:28,680.7,0.033111,0.032748,,34.98,11.3,-23.679999999999996,-67.69582618639221,0.01
PENGU,LONG,2025-10-07 03:34:37,2025-10-07 04:57:26,82.81666666666666,0.032893,0.032188,,11.35,11.91,0.5600000000000005,4.93392070484582,0.0
PENGU,LONG,2025-10-07 04:51:17,2025-10-07 12:07:57,436.6666666666667,0.032347,0.030811,,11.97,12.26,0.28999999999999915,2.422723475355047,0.0
PENGU,SHORT,2025-10-07 21:25:25,2025-10-08 15:28:07,1082.7,0.030504,0.032526,,36.870000000000005,72.95,-36.08,-97.85733658801192,0.04
PENGU,LONG,2025-10-07 06:25:57,2025-10-30 06:15:04,33109.11666666667,0.0324,0.020481,,12.91,34.54,21.63,167.5445391169636,0.02
PENGU,SHORT,2025-10-08 03:14:33,2025-10-30 10:39:01,32124.466666666667,0.030127,0.019228,,31.11,33.269999999999996,-2.1599999999999966,-6.9431051108968065,0.02
PENGU,SHORT,2025-10-30 10:17:36,2025-10-30 12:18:20,120.73333333333333,0.019685,0.018832,,34.050000000000004,35.769999999999996,-1.7199999999999918,-5.051395007342119,0.02
PENGU,SHORT,2025-10-30 11:25:06,2025-10-30 13:07:12,102.1,0.019204,0.018869,,36.46,33.18,3.280000000000001,8.996160175534836,0.02
PENGU,LONG,2025-10-30 05:50:43,2025-10-30 17:37:23,706.6666666666666,0.020723,0.017963,,34.97,34.1,-0.8699999999999974,-2.487846725764934,0.02
PENGU,LONG,2025-10-30 16:28:30,2025-10-31 19:43:17,1634.7833333333333,0.017988,0.018181,,34.169999999999995,86.84,52.67000000000001,154.14105940883823,0.04
PENGU,SHORT,2025-10-30 13:01:47,2025-10-31 23:29:47,2068.0,0.018653,0.018103,,32.78,93.18,-60.400000000000006,-184.25869432580845,0.05
PENGU,LONG,2025-10-31 19:33:45,2025-11-01 18:43:16,1389.5166666666667,0.018219,0.018024,,87.08,520.8299999999999,433.74999999999994,498.1051906293064,0.24
PENGU,LONG,2025-11-01 18:31:39,2025-11-03 20:48:19,3016.6666666666665,0.018174,0.015422,,525.58,21.319999999999997,-504.26000000000005,-95.94352905361696,0.22
LTC,SHORT,2025-11-03 09:07:40,2025-11-03 14:38:14,330.56666666666666,91.94,89.27,,18.38,10.71,7.669999999999998,41.73014145810663,0.01
LTC,SHORT,2025-11-03 09:14:33,2025-11-03 20:48:19,693.7666666666667,92.12,87.27,,15.65,21.830000000000002,-6.1800000000000015,-39.48881789137381,0.02
ASTER,LONG,2025-10-03 15:00:09,2025-10-07 00:20:12,4880.05,1.94613,2.04575,,158.06,622.52,464.46,293.85043654308487,0.28
ASTER,LONG,2025-10-03 15:00:09,2025-10-07 03:00:40,5040.516666666666,1.94689,2.04968,,163.96,12.3,-151.66,-92.49817028543546,0.03
ASTER,LONG,2025-10-03 15:00:09,2025-10-07 12:07:50,5587.683333333333,1.94769,2.04602,,16.93,24.75,7.82,46.1901949202599,0.01
ASTER,LONG,2025-10-03 15:54:36,2025-10-07 12:26:55,5552.316666666667,2.06181,2.06568,,150.25,10.33,-139.92,-93.12479201331114,0.03
ASTER,LONG,2025-10-03 15:54:36,2025-10-07 12:48:18,5573.7,2.06193,2.02581,,74.61,14.17,-60.44,-81.0079077871599,0.02
ASTER,SHORT,2025-10-07 13:11:14,2025-10-07 13:12:02,0.8,2.03062,2.02879,,12.18,12.17,0.009999999999999787,0.08210180623973552,0.0
ASTER,LONG,2025-10-06 16:16:57,2025-10-07 13:12:47,1255.8333333333333,2.06058,2.01927,,43.89,2.02,-41.87,-95.39758487126907,0.02
ASTER,SHORT,2025-10-07 13:12:47,2025-10-07 13:59:25,46.63333333333333,2.01927,2.0381,,10.1,16.310000000000002,-6.210000000000003,-61.48514851485152,0.01
ASTER,SHORT,2025-10-07 13:12:49,2025-10-07 14:31:47,78.96666666666667,2.01927,2.02341,,14.120000000000001,12.14,1.9800000000000004,14.022662889518417,0.01
ASTER,SHORT,2025-10-07 14:11:46,2025-10-07 16:06:14,114.46666666666667,2.02074,2.05754,,5.33,96.74000000000001,-91.41000000000001,-1715.0093808630395,0.04
ASTER,SHORT,2025-10-07 14:11:46,2025-10-07 17:15:00,183.23333333333332,2.02208,2.09726,,10.84,12.59,-1.75,-16.14391143911439,0.01
ASTER,SHORT,2025-10-07 14:41:03,2025-10-07 17:26:54,165.85,2.01501,2.10038,,12.09,42.03,-29.94,-247.6426799007444,0.02
ASTER,LONG,2025-10-07 02:45:36,2025-10-07 17:32:53,887.2833333333333,2.06069,2.10119,,12.58,12.6,0.019999999999999574,0.158982511923685,0.02
ASTER,LONG,2025-10-07 02:47:36,2025-10-07 18:00:23,912.7833333333333,2.05905,2.09441,,12.35,10.47,-1.879999999999999,-15.22267206477732,0.0
ASTER,SHORT,2025-10-07 15:03:59,2025-11-02 11:44:07,37240.13333333333,2.01581,1.14576,,14.1,124.69,-110.59,-784.3262411347519,0.060000000000000005
ASTER,SHORT,2025-10-07 15:09:24,2025-11-02 11:59:03,37249.65,2.02437,1.19562,,16.18,111.21000000000001,-95.03,-587.3300370828183,0.05
ASTER,SHORT,2025-10-07 15:11:43,2025-11-02 12:20:42,37268.98333333333,2.01575,1.23288,,16.119999999999997,113.73,-97.61000000000001,-605.5210918114145,0.060000000000000005
ASTER,SHORT,2025-10-07 15:19:20,2025-11-02 12:34:54,37275.566666666666,2.01901,1.19835,,12.11,10.7,1.4100000000000001,11.643270024772917,0.0
ASTER,SHORT,2025-10-07 15:50:05,2025-11-02 12:34:54,37244.816666666666,2.036,1.20065,,12.22,94.75,-82.53,-675.368248772504,0.04
ASTER,SHORT,2025-10-07 16:21:21,2025-11-02 13:04:31,37243.166666666664,2.04901,1.24111,,12.29,96.57000000000001,-84.28,-685.7607811228642,0.04
ASTER,SHORT,2025-10-07 16:25:57,2025-11-02 13:19:20,37253.38333333333,2.03943,1.19132,,12.24,98.06,-85.82000000000001,-701.1437908496733,0.04
ASTER,SHORT,2025-10-07 16:30:39,2025-11-02 13:34:01,37263.36666666667,2.04003,1.17438,,14.27,100.31,-86.04,-602.9432375613175,0.05
ASTER,SHORT,2025-10-07 17:21:02,2025-11-02 13:48:40,37227.63333333333,2.09769,1.17762,,14.67,105.9,-91.23,-621.8813905930471,0.05
ASTER,SHORT,2025-11-02 11:36:22,2025-11-02 14:11:50,155.46666666666667,1.07666,1.19667,,117.07000000000001,105.74000000000001,11.329999999999998,9.677970445032884,0.09
ASTER,SHORT,2025-11-02 11:51:14,2025-11-02 14:26:23,155.15,1.18008,1.17961,,109.67999999999999,23.6,86.07999999999998,78.48285922684171,0.05
ASTER,SHORT,2025-11-02 12:13:51,2025-11-02 14:26:23,132.53333333333333,1.17429,1.18043,,108.24,75.31,32.92999999999999,30.423133776792312,0.07
ASTER,SHORT,2025-11-02 12:27:58,2025-11-02 14:41:30,133.53333333333333,1.1798,1.23771,,103.55999999999999,85.61,17.94999999999999,17.332947083816137,0.07
ASTER,SHORT,2025-11-02 12:57:37,2025-11-02 14:56:13,118.6,1.2466,1.21904,,96.91999999999999,94.25,2.6699999999999875,2.75484936029714,0.08
ASTER,SHORT,2025-11-02 13:11:46,2025-11-02 15:11:00,119.23333333333333,1.21168,1.21609,,99.66,95.0,4.659999999999997,4.675898053381493,0.08
ASTER,SHORT,2025-11-02 13:27:09,2025-11-02 15:26:24,119.25,1.20026,1.19778,,102.44,93.04,9.399999999999991,9.176103084732517,0.08
ASTER,SHORT,2025-11-02 13:41:47,2025-11-02 15:40:49,119.03333333333333,1.16504,1.21313,,104.69,85.24,19.450000000000003,18.578660808100107,0.07
ASTER,SHORT,2025-11-02 14:04:17,2025-11-02 16:09:40,125.38333333333334,1.1645,1.21733,,102.82,95.58000000000001,7.239999999999981,7.041431628087902,0.08
ASTER,SHORT,2025-11-02 14:19:33,2025-11-02 17:00:53,161.33333333333334,1.18,1.17618,,98.80999999999999,85.86,12.949999999999989,13.105960935128014,0.07
ASTER,SHORT,2025-11-02 14:34:01,2025-11-02 17:15:02,161.01666666666668,1.18678,1.19395,,82.02,86.76,-4.740000000000009,-5.779078273591818,0.06
ASTER,SHORT,2025-11-02 14:48:59,2025-11-02 17:29:55,160.93333333333334,1.22626,1.2034,,94.72999999999999,93.62,1.1099999999999852,1.1717512931489342,0.08
ASTER,SHORT,2025-11-02 15:03:57,2025-11-02 17:45:03,161.1,1.21938,1.17686,,95.17999999999999,91.88000000000001,3.299999999999983,3.467114940113451,0.08
ASTER,SHORT,2025-11-02 15:18:23,2025-11-02 19:53:54,275.51666666666665,1.21352,1.2049,,94.17999999999999,87.91000000000001,6.269999999999982,6.657464429815228,0.08
LINK,SHORT,2025-11-02 10:16:01,2025-11-02 10:45:03,29.033333333333335,17.42,17.386,,104.47999999999999,104.36,0.11999999999999034,0.11485451761101681,0.08
XRP,LONG,2025-10-31 22:29:16,2025-11-01 01:15:45,166.48333333333332,2.5,2.512,,124.55,102.11999999999999,-22.430000000000007,-18.00883179446006,0.09
XRP,LONG,2025-11-01 07:11:08,2025-11-01 08:11:05,59.95,2.5035,2.5092,,862.9300000000001,864.1899999999999,1.2599999999998772,0.14601416105592308,0.7
