askAccountId,askOrderId,bidAccountId,bidOrderId,fee,id,is_taker,orderType,price,quantity,realizedPnl,side,symbol,timestamp,timestamp_ns_partial
937,"592189911449994240",22919,"592189911965893632","0.005497",377431274,true,"MARKET","2896.833159","0.004216960","0.000000","Buy","ETH/USDT-P",1764069182,361000000
22919,"592189910479537152",132,"592189910220800000","0.005506",377431207,true,"MARKET","2.203400000","5.553704","0.015550","Sell","XRP/USDT-P",1764069176,691000000
22919,"592189909950268416",132,"592189893863276544","0.005507",377431175,true,"MARKET","0.1357860000","90.14183","0.013702","Sell","SEI/USDT-P",1764069174,672000000
22919,"592189799410959360",22895,"592189769160066048","0.003384",377425591,true,"MARKET","0.913601610","8.233374","-0.023371","Sell","VIRTUAL/USDT-P",1764068752,997000000
22919,"592189799410959360",937,"592189796232725505","0.002107",377425590,true,"MARKET","0.913090660","5.129678","-0.017180","Sell","VIRTUAL/USDT-P",1764068752,997000000
22919,"592189798666208256",937,"592189795717612544","0.005499",377425557,true,"MARKET","0.4707671207","25.96074","-0.018775","Sell","PROVE/USDT-P",1764068750,158000000
132,"592189796937367552",22919,"592189798035751936","0.005499",377425526,true,"MARKET","2.200600000","5.553704","0.000000","Buy","XRP/USDT-P",1764068747,750000000
132,"592189782726279169",22919,"592189796723459072","0.005501",377425465,true,"MARKET","0.1356340000","90.14183","0.000000","Buy","SEI/USDT-P",1764068742,746000000
937,"592189730741552128",22919,"592189735808271360","0.005508",377422404,true,"MARKET","0.4714903190","25.96074","0.000000","Buy","PROVE/USDT-P",1764068510,374000000
132,"592189729835057152",22919,"592189734921176064","0.005510",377422357,true,"MARKET","0.916440000","13.363052","0.000000","Buy","VIRTUAL/USDT-P",1764068506,988000000
22919,"592189677436142592",132,"592189667819651072","0.005504",377419433,true,"MARKET","0.1356630000","90.17415","-0.020740","Sell","SEI/USDT-P",1764068287,699000000
22919,"592189676913951744",937,"592189675893163008","0.002017",377419401,true,"MARKET","0.914560286","4.902846","-0.002990","Sell","VIRTUAL/USDT-P",1764068285,709000000
22919,"592189676913951744",22895,"592189632595887104","0.003493",377419400,true,"MARKET","0.914943636","8.486236","-0.001922","Sell","VIRTUAL/USDT-P",1764068285,709000000
132,"592189614556446720",22919,"592189620172620800","0.005513",377416529,true,"MARKET","0.915170000","13.389082","0.000000","Buy","VIRTUAL/USDT-P",1764068069,257000000
132,"592189601361690625",22919,"592189619450151936","0.005514",377416498,true,"MARKET","0.1358930000","90.17415","0.000000","Buy","SEI/USDT-P",1764068066,502000000
22919,"592189564186788864",14496,"592189553607180288","0.005507",377413684,true,"MARKET","852.6000000","0.01435521","-0.002836","Sell","BNB/USDT-P",1764067855,689000000
22919,"592189563644412928",132,"592189561570066432","0.005534",377413651,true,"MARKET","136.7000000","0.08996733","0.015777","Sell","SOL/USDT-P",1764067853,622000000
13095,"592189507680338944",22919,"592189507965813760","0.005508",377410837,true,"MARKET","852.7975907","0.01435521","0.000000","Buy","BNB/USDT-P",1764067641,223000000
22919,"592189451050419200",132,"592189446820200448","0.005485",377407939,true,"MARKET","32.77330000","0.3719477","-0.063417","Sell","HYPE/USDT-P",1764067424,109000000
132,"592189448355053568",22919,"592189450526131200","0.005582",377407908,true,"MARKET","0.1359480000","91.25034","-0.125469","Buy","SEI/USDT-P",1764067422,107000000
132,"592189394942427136",22919,"592189395826377728","0.005514",377405170,true,"MARKET","32.94380000","0.3719477","0.000000","Buy","HYPE/USDT-P",1764067213,445000000
22919,"592189274529465344",132,"592189272337416192","0.005546",377398962,true,"MARKET","0.912660000","13.505785","0.027602","Sell","VIRTUAL/USDT-P",1764066750,734000000
8434,"592189219338715136",22919,"592189219777020928","0.005527",377396181,true,"MARKET","136.5246387","0.08996733","0.000000","Buy","SOL/USDT-P",1764066541,871000000
22919,"592189085496640512",8434,"592189085459152896","0.005547",377389440,true,"MARKET","135.8853854","0.09071456","0.015729","Sell","SOL/USDT-P",1764066029,632000000
22919,"592189084955313152",132,"592189084800647168","0.001244",377389412,true,"MARKET","0.193887122","14.265053","0.000389","Sell","XPL/USDT-P",1764066027,569000000
22919,"592189084955313152",22898,"592189081243615232","0.004313",377389411,true,"MARKET","0.194158888","49.372873","0.014766","Sell","XPL/USDT-P",1764066027,569000000
22919,"592189084403500032",14496,"592189068478775296","0.005544",377389377,true,"MARKET","850.9100000","0.01447926","0.004075","Sell","BNB/USDT-P",1764066025,467000000
22919,"592189030338659328",132,"592189017914343425","0.005525",377386530,true,"MARKET","0.1345730000","91.25034","0.000000","Sell","SEI/USDT-P",1764065819,220000000
937,"592189028764222464",22919,"592189029582636032","0.005534",377386484,true,"MARKET","0.910616300","13.505785","0.000000","Buy","VIRTUAL/USDT-P",1764065816,336000000
22919,"592188917888844800",132,"592188913914478592","0.005567",377380783,true,"MARKET","0.911430000","13.574408","0.054297","Sell","VIRTUAL/USDT-P",1764065390,257000000
22919,"592188917349614592",937,"592188912237282304","0.005532",377380751,true,"MARKET","0.4688887306","26.22159","-0.008647","Sell","PROVE/USDT-P",1764065388,201000000
132,"592188690540789760",22919,"592188690762564608","0.005543",377369239,true,"MARKET","0.907430000","13.574408","0.000000","Buy","VIRTUAL/USDT-P",1764064523,840000000
937,"592188688549282816",22919,"592188689988715520","0.005536",377369208,true,"MARKET","0.4692185161","26.22159","0.000000","Buy","PROVE/USDT-P",1764064520,889000000
22898,"592188686970388480",22919,"592188689096639488","0.002987",377369158,true,"MARKET","0.193857029","34.251379","0.000000","Buy","XPL/USDT-P",1764064517,484000000
132,"592188688407986176",22919,"592188689096639488","0.002563",377369157,true,"MARKET","0.193863089","29.386547","0.000000","Buy","XPL/USDT-P",1764064517,484000000
132,"592188550191251456",22919,"592188551458194432","0.005542",377362151,true,"MARKET","850.6286226","0.01447926","0.000000","Buy","BNB/USDT-P",1764063992,437000000
8434,"592188549065342978",22919,"592188550688015360","0.005539",377362102,true,"MARKET","135.7119942","0.09071456","0.000000","Buy","SOL/USDT-P",1764063989,498000000
22919,"592188486668518400",132,"592188486597476352","0.005519",377358833,true,"MARKET","0.1339520000","91.55986","0.020326","Sell","SEI/USDT-P",1764063745,282000000
22919,"592188486133744640",132,"592188484445536256","0.004424",377358801,true,"MARKET","0.192089187","51.179990","0.026091","Sell","XPL/USDT-P",1764063743,243000000
132,"592188287149670400",22919,"592188295320437760","0.004412",377349032,true,"MARKET","0.191579388","51.179990","0.000000","Buy","XPL/USDT-P",1764063015,354000000
132,"592188292662034433",22919,"592188293483332608","0.005509",377348936,true,"MARKET","0.1337300000","91.55986","0.000000","Buy","SEI/USDT-P",1764063008,340000000
22919,"592188239296857088",132,"592188238680293376","0.005529",377346248,true,"MARKET","2.185200000","5.623220","-0.033121","Sell","XRP/USDT-P",1764062801,635000000
22919,"592188237711148032",132,"592188235607441408","0.005528",377346161,true,"MARKET","2869.840000","0.004280990","-0.002654","Sell","ETH/USDT-P",1764062795,586000000
22919,"592188182613984256",937,"592188176562390017","0.005505",377343360,true,"MARKET","0.1335603040","91.60273","-0.088369","Sell","SEI/USDT-P",1764062585,408000000
22919,"592188181917467648",18678,"592188181430403072","0.005521",377343325,true,"MARKET","135.0500000","0.09085920","-0.039070","Sell","SOL/USDT-P",1764062582,751000000
19167,"592188177881760768",22919,"592188180392051712","0.005529",377343247,true,"MARKET","2870.460000","0.004280990","0.000000","Buy","ETH/USDT-P",1764062576,933000000
132,"592187956081197056",22919,"592187959824352256","0.005545",377332050,true,"MARKET","0.1345250000","91.60273","0.000000","Buy","SEI/USDT-P",1764061735,532000000
14496,"592187958643916800",22919,"592187958667510784","0.005544",377331988,true,"MARKET","2.191090000","5.623220","0.000000","Buy","XRP/USDT-P",1764061731,119000000
18678,"592187815486291969",22919,"592187816002978816","0.005539",377324735,true,"MARKET","135.4800000","0.09085920","0.000000","Buy","SOL/USDT-P",1764061186,897000000
22919,"592187813666489344",132,"592187800151130112","0.005526",377324627,true,"MARKET","0.1342010000","91.50880","-0.053075","Sell","SEI/USDT-P",1764061177,983000000
132,"592187741515546624",22919,"592187754253911040","0.005550",377321565,true,"MARKET","0.1347810000","91.50880","0.000000","Buy","SEI/USDT-P",1764060951,343000000
22919,"592187697639195648",8434,"592187695123136512","0.007395",377318692,true,"MARKET","136.0671328","0.12077662","-0.004917","Sell","SOL/USDT-P",1764060735,376000000
22919,"592187643503051776",132,"592187642459717633","0.005547",377315799,true,"MARKET","857.9400001","0.01437029","-0.004520","Sell","BNB/USDT-P",1764060528,861000000
937,"592187585816691713",22919,"592187587165946880","0.005550",377312928,true,"MARKET","858.2545604","0.01437029","0.000000","Buy","BNB/USDT-P",1764060313,953000000
22919,"592187531713315840",132,"592187521035141122","0.005547",377310032,true,"MARKET","0.1350480000","91.28707","-0.043452","Sell","SEI/USDT-P",1764060102,418000000
22919,"592187530568008704",132,"592187529856548865","0.005529",377309968,true,"MARKET","2.199400000","5.586929","-0.084921","Sell","XRP/USDT-P",1764060098,49000000
22919,"592187529856549888",132,"592187528868265984","0.005552",377309937,true,"MARKET","857.8600001","0.01438220","0.005216","Sell","BNB/USDT-P",1764060095,334000000
132,"592187401248964608",22919,"592187402940843008","0.005549",377303524,true,"MARKET","857.4973451","0.01438220","0.000000","Buy","BNB/USDT-P",1764059611,189000000
8434,"592187401318694915",22919,"592187401728951296","0.007397",377303476,true,"MARKET","136.1078441","0.12077662","0.000000","Buy","SOL/USDT-P",1764059606,568000000
132,"592187346021777409",22919,"592187347155551232","0.005567",377300671,true,"MARKET","0.1355240000","91.28707","0.000000","Buy","SEI/USDT-P",1764059398,386000000
132,"592187346119819264",22919,"592187346387469312","0.005567",377300618,true,"MARKET","2.214600000","5.586929","0.000000","Buy","XRP/USDT-P",1764059395,455000000
22919,"592187237284971520",132,"592187236822024192","0.005572",377295149,true,"MARKET","136.5400000","0.09069459","0.031743","Sell","SOL/USDT-P",1764058979,264000000
22919,"592187236290135040",937,"592187222755640320","0.004469",377295103,true,"MARKET","0.4716686277","21.05719","0.022912","Sell","PROVE/USDT-P",1764058975,468000000
22892,"592187181076316160",22919,"592187181879002112","0.004459",377292374,true,"MARKET","0.4705805360","21.05719","0.000000","Buy","PROVE/USDT-P",1764058767,907000000
18678,"592187112120647681",22919,"592187112209253376","0.005558",377288755,true,"MARKET","136.1900000","0.09069459","0.000000","Buy","SOL/USDT-P",1764058502,138000000
22919,"592187026162844672",132,"592187025720082432","0.005561",377284432,true,"MARKET","136.3000000","0.09068228","-0.020810","Sell","SOL/USDT-P",1764058173,897000000
22919,"592186972568028160",132,"592186962129977344","0.004448",377281753,true,"MARKET","0.2593252976","38.12439","-0.032917","Sell","ENA/USDT-P",1764057969,449000000
22919,"592186971852375040",132,"592186971411447808","0.004442",377281705,true,"MARKET","1.524200000","6.476379","-0.037442","Sell","SUI/USDT-P",1764057966,719000000
22897,"592186825814049792",22919,"592186827419157504","0.004463",377274411,true,"MARKET","0.2601887055","38.12439","0.000000","Buy","ENA/USDT-P",1764057415,749000000
937,"592186824007353345",22919,"592186826632463360","0.000765",377274365,true,"MARKET","1.531057174","1.110562","0.000000","Buy","SUI/USDT-P",1764057412,749000000
22694,"592186821514362880",22919,"592186826632463360","0.003693",377274364,true,"MARKET","1.529758825","5.365817","0.000000","Buy","SUI/USDT-P",1764057412,749000000
8434,"592186824634138627",22919,"592186825865692160","0.005571",377274333,true,"MARKET","136.5294819","0.09068228","0.000000","Buy","SOL/USDT-P",1764057409,824000000
22919,"592186704035054592",132,"592186703777103872","0.005573",377267935,true,"MARKET","31.87410000","0.3885594","-0.064345","Sell","HYPE/USDT-P",1764056945,77000000
22919,"592186703345353728",14496,"592186702553677824","0.005574",377267893,true,"MARKET","2.226510000","5.563628","-0.055024","Sell","XRP/USDT-P",1764056942,444000000
22919,"592186702620787712",132,"592186700651560960","0.005585",377267858,true,"MARKET","136.5500000","0.09089069","-0.031541","Sell","SOL/USDT-P",1764056939,681000000
132,"592186646919380992",22919,"592186649072632832","0.005602",377265130,true,"MARKET","32.03970000","0.3885594","0.000000","Buy","HYPE/USDT-P",1764056735,412000000
132,"592186648282791936",22919,"592186648310580224","0.005599",377265099,true,"MARKET","2.236400000","5.563628","0.000000","Buy","XRP/USDT-P",1764056732,504000000
8434,"592186588371091458",22919,"592186592385303552","0.005599",377262307,true,"MARKET","136.8970177","0.09089069","0.000000","Buy","SOL/USDT-P",1764056519,166000000
22919,"592186536432501760",132,"592186534542704640","0.005597",377259489,true,"MARKET","31.91090000","0.3898067","-0.018243","Sell","HYPE/USDT-P",1764056305,723000000
132,"592186482684854272",22919,"592186483007816704","0.005605",377256806,true,"MARKET","31.95770000","0.3898067","0.000000","Buy","HYPE/USDT-P",1764056101,926000000
22919,"592186374628049920",14496,"592186364295643136","0.005607",377251380,true,"MARKET","859.3800000","0.01449907","-0.009862","Sell","BNB/USDT-P",1764055688,488000000
22919,"592186374104810496",22898,"592186366458331136","0.003240",377251349,true,"MARKET","0.191908548","37.527192","-0.011291","Sell","XPL/USDT-P",1764055686,492000000
22919,"592186374104810496",132,"592186373241044992","0.001244",377251348,true,"MARKET","0.191768427","14.422004","-0.006359","Sell","XPL/USDT-P",1764055686,492000000
22919,"592186318814446592",132,"592186314890936321","0.004480",377248531,true,"MARKET","31.96440000","0.3114611","-0.037305","Sell","HYPE/USDT-P",1764055475,578000000
13581,"592186258782946306",22919,"592186259385615360","0.004496",377245538,true,"MARKET","32.08417447","0.3114611","0.000000","Buy","HYPE/USDT-P",1764055248,874000000
22919,"592186198527575040",132,"592186198060957696","0.005613",377242484,true,"MARKET","2.237300000","5.576105","0.005018","Sell","XRP/USDT-P",1764055016,717000000
22919,"592186197823980544",18678,"592186197268758528","0.005614",377242444,true,"MARKET","137.7400000","0.09058901","-0.028988","Sell","SOL/USDT-P",1764055014,35000000
132,"592186143156469760",22919,"592186143566201856","0.005628",377239675,true,"MARKET","138.0600000","0.09058901","0.000000","Buy","SOL/USDT-P",1764054807,57000000
132,"592186032898703360",22919,"592186033636377600","0.004493",377234110,true,"MARKET","0.192209385","51.949196","0.000000","Buy","XPL/USDT-P",1764054387,707000000
132,"592185958417301504",22919,"592185959814530048","0.005611",377230360,true,"MARKET","860.0601451","0.01449907","0.000000","Buy","BNB/USDT-P",1764054106,99000000
132,"592185957648695296",22919,"592185958648775680","0.005611",377230314,true,"MARKET","2.236400000","5.576105","0.000000","Buy","XRP/USDT-P",1764054101,651000000
22919,"592185957656036352",132,"592185957317607424","0.005612",377230261,true,"MARKET","137.9500000","0.09040842","-0.024550","Sell","SOL/USDT-P",1764054097,867000000
8434,"592185899092279297",22919,"592185902936359936","0.005623",377227527,true,"MARKET","138.2215499","0.09040842","0.000000","Buy","SOL/USDT-P",1764053889,127000000
22919,"592185901314475008",132,"592185897874358273","0.005619",377227442,true,"MARKET","2.236000000","5.584867","-0.006143","Sell","XRP/USDT-P",1764053882,939000000
132,"592185846283632640",22919,"592185847712842752","0.005622",377224679,true,"MARKET","2.237100000","5.584867","0.000000","Buy","XRP/USDT-P",1764053678,466000000
22919,"592185614832501760",22895,"592185610503193600","0.003391",377212921,true,"MARKET","0.928329696","8.117902","-0.017456","Sell","VIRTUAL/USDT-P",1764052790,98000000
22919,"592185614832501760",132,"592185614234550272","0.002223",377212920,true,"MARKET","0.928130000","5.322679","-0.012508","Sell","VIRTUAL/USDT-P",1764052790,98000000
22919,"592185614148568064",14496,"592185614080671744","0.005623",377212889,true,"MARKET","2.238130000","5.583106","-0.007648","Sell","XRP/USDT-P",1764052787,488000000
22919,"592185613203801088",132,"592185611588206592","0.005616",377212842,true,"MARKET","0.1358560000","91.86871","-0.038217","Sell","SEI/USDT-P",1764052783,885000000
132,"592185558292758528",22919,"592185558641673216","0.005627",377210091,true,"MARKET","0.930480000","13.440581","0.000000","Buy","VIRTUAL/USDT-P",1764052575,746000000
132,"592185557541715969",22919,"592185557729936384","0.005626",377210045,true,"MARKET","2.239500000","5.583106","0.000000","Buy","XRP/USDT-P",1764052572,269000000
132,"592185538204663809",22919,"592185556969456640","0.005633",377210013,true,"MARKET","0.1362720000","91.86871","0.000000","Buy","SEI/USDT-P",1764052569,368000000
22919,"592185324620219392",18678,"592185320149614592","0.005631",377198409,true,"MARKET","138.2500000","0.09052643","-0.005481","Sell","SOL/USDT-P",1764051683,28000000
8434,"592185272245420033",22919,"592185272418173952","0.005634",377195776,true,"MARKET","138.3105422","0.09052643","0.000000","Buy","SOL/USDT-P",1764051483,892000000
22919,"592185216746128384",132,"592185216454098944","0.005626",377192950,true,"MARKET","2.247900000","5.562576","-0.017244","Sell","XRP/USDT-P",1764051271,518000000
22919,"592185216037553153",21181,"592185199816344576","0.005626",377192919,true,"MARKET","138.2999999","0.09040078","-0.018141","Sell","SOL/USDT-P",1764051268,818000000
22919,"592185215332123648",132,"592185212090449920","0.005627",377192888,true,"MARKET","863.0461633","0.01448955","-0.016514","Sell","BNB/USDT-P",1764051266,123000000
8434,"592185157856002048",22919,"592185160879309824","0.005634",377190182,true,"MARKET","138.5006735","0.09040078","0.000000","Buy","SOL/USDT-P",1764051058,424000000
937,"592185151925257216",22919,"592185159978058752","0.005634",377190136,true,"MARKET","864.1858814","0.01448955","0.000000","Buy","BNB/USDT-P",1764051054,966000000
132,"592185158150389760",22919,"592185159069729792","0.005634",377190090,true,"MARKET","2.251000000","5.562576","0.000000","Buy","XRP/USDT-P",1764051051,501000000
22919,"592185047893672960",937,"592185047789863937","0.005632",377184494,true,"MARKET","0.4755879481","26.31780","-0.025467","Sell","PROVE/USDT-P",1764050627,399000000
22919,"592185047153116160",18678,"592185046701703168","0.005639",377184430,true,"MARKET","138.5500000","0.09045286","-0.001809","Sell","SOL/USDT-P",1764050624,573000000
22919,"592185046634071040",132,"592185045852880897","0.007524",377184413,true,"MARKET","2.250600000","7.429911","-0.046809","Sell","XRP/USDT-P",1764050622,592000000
132,"592184989879894016",22919,"592184990062347264","0.005640",377181599,true,"MARKET","138.5700000","0.09045286","0.000000","Buy","SOL/USDT-P",1764050406,789000000
937,"592184934564889601",22919,"592184935625262080","0.005643",377178868,true,"MARKET","0.4765556306","26.31780","0.000000","Buy","PROVE/USDT-P",1764050199,128000000
132,"592184879921233920",22919,"592184880103425024","0.007545",377176096,true,"MARKET","2.256900000","7.429911","0.000000","Buy","XRP/USDT-P",1764049987,329000000
22919,"592184818135204864",18678,"592184817954062336","0.005655",377172985,true,"MARKET","138.6100000","0.09067587","-0.004597","Sell","SOL/USDT-P",1764049750,940000000
8434,"592184759388471297",22919,"592184761206965248","0.005657",377170138,true,"MARKET","138.6607035","0.09067587","0.000000","Buy","SOL/USDT-P",1764049533,776000000
22919,"592184641299416064",937,"592184641052476416","0.005654",377164027,true,"MARKET","861.2747094","0.01458825","-0.025532","Sell","BNB/USDT-P",1764049076,363000000
22919,"592184475056866304",132,"592184473595150336","0.005647",377155580,true,"MARKET","2.239900000","5.602621","-0.042580","Sell","XRP/USDT-P",1764048442,199000000
22919,"592184474358776832",132,"592184473630015488","0.005641",377155549,true,"MARKET","137.9000000","0.09091295","-0.051558","Sell","SOL/USDT-P",1764048439,537000000
22919,"592184473226576896",132,"592184471845863424","0.005628",377155483,true,"MARKET","0.1358740000","92.05748","-0.102920","Sell","SEI/USDT-P",1764048435,217000000
22919,"592184472541070336",132,"592184472449843200","0.005639",377155451,true,"MARKET","2918.430000","0.004294510","-0.055573","Sell","ETH/USDT-P",1764048432,603000000
132,"592184414777901056",22919,"592184418576106496","0.005665",377152713,true,"MARKET","863.0248736","0.01458825","0.000000","Buy","BNB/USDT-P",1764048226,741000000
132,"592184414782619648",22919,"592184417538540544","0.005666",377152667,true,"MARKET","2.247500000","5.602621","0.000000","Buy","XRP/USDT-P",1764048222,783000000
132,"592184404166836224",22919,"592184416790119424","0.005675",377152631,true,"MARKET","0.1369920000","92.05748","0.000000","Buy","SEI/USDT-P",1764048219,928000000
22896,"592184209725718528",22919,"592184358344328192","0.002403",377149663,true,"MARKET","138.4632054","0.03858061","-0.000001","Buy","SOL/USDT-P",1764047996,976000000
132,"592184358071173120",22919,"592184358344328192","0.003260",377149662,true,"MARKET","138.4700000","0.05233234","0.000000","Buy","SOL/USDT-P",1764047996,976000000
22862,"592184196926799872",22919,"592184357625005056","0.005664",377149630,true,"MARKET","2931.370443","0.004294510","0.000000","Buy","ETH/USDT-P",1764047994,233000000
22919,"592184302091109376",132,"592184301158924288","0.005656",377146752,true,"MARKET","0.1359620000","92.45270","0.015809","Sell","SEI/USDT-P",1764047782,387000000
22919,"592184244955251712",18678,"592184244913569792","0.005647",377143854,true,"MARKET","138.3200000","0.09073636","0.004537","Sell","SOL/USDT-P",1764047564,431000000
22919,"592184191294637056",132,"592184178415501312","0.005617",377141155,true,"MARKET","0.2678743254","46.60550","-0.088774","Sell","ENA/USDT-P",1764047359,733000000
22919,"592184190766679040",132,"592184190282235905","0.005629",377141124,true,"MARKET","2.239600000","5.585609","-0.056415","Sell","XRP/USDT-P",1764047357,717000000
132,"592184130008776704",22919,"592184135740818432","0.005649",377138368,true,"MARKET","0.1357910000","92.45270","0.000000","Buy","SEI/USDT-P",1764047147,810000000
132,"592184134164021248",22919,"592184134662095872","0.005645",377138322,true,"MARKET","138.2700000","0.09073636","0.000000","Buy","SOL/USDT-P",1764047143,697000000
132,"592184077903462400",22919,"592184079838086144","0.005657",377135562,true,"MARKET","0.2697791129","46.60550","0.000000","Buy","ENA/USDT-P",1764046934,560000000
132,"592184070826098688",22919,"592184079074984960","0.004523",377135531,true,"MARKET","0.1517731122","66.23852","0.000000","Buy","DOGE/USDT-P",1764046931,649000000
132,"592184077799129088",22919,"592184077814858752","0.005654",377135469,true,"MARKET","2.249700000","5.585609","0.000000","Buy","XRP/USDT-P",1764046926,841000000
22919,"592184076970492928",18678,"592184076767330304","0.005650",377135423,true,"MARKET","138.4100000","0.09071656","-0.021772","Sell","SOL/USDT-P",1764046923,621000000
22919,"592184076445156352",14496,"592184075395006464","0.005650",377135407,true,"MARKET","862.3000000","0.01456192","-0.020096","Sell","BNB/USDT-P",1764046921,615000000
132,"592184020834451456",22919,"592184022899622912","0.005659",377132725,true,"MARKET","863.6799999","0.01456192","0.000000","Buy","BNB/USDT-P",1764046717,356000000
132,"592184019977764864",22919,"592184022168503296","0.005660",377132694,true,"MARKET","138.6500000","0.09071656","0.000000","Buy","SOL/USDT-P",1764046714,567000000
22919,"592183912445510656",132,"592183909195448320","0.005673",377127157,true,"MARKET","2934.250000","0.004296850","0.040190","Sell","ETH/USDT-P",1764046296,7000000
22919,"592183911917028352",132,"592183911766032384","0.005675",377127126,true,"MARKET","138.6000000","0.09100087","0.047295","Sell","SOL/USDT-P",1764046293,992000000
8434,"592183572979777539",22919,"592183574255895552","0.005654",377110033,true,"MARKET","138.0802754","0.09100087","0.000000","Buy","SOL/USDT-P",1764045005,917000000
22919,"592183465882944512",18678,"592183465549234177","0.005639",377104546,true,"MARKET","137.9600000","0.09084491","-0.030016","Sell","SOL/USDT-P",1764044592,507000000
8434,"592183412527726592",22919,"592183413137998848","0.005653",377101897,true,"MARKET","138.2904052","0.09084491","0.000000","Buy","SOL/USDT-P",1764044391,300000000
8434,"592183412352614401",22919,"592183412396393472","0.005655",377101856,true,"MARKET","2924.896729","0.004296850","0.000000","Buy","ETH/USDT-P",1764044388,471000000
22919,"592183304581022720",132,"592183303913603072","0.005657",377096419,true,"MARKET","2.241000000","5.610277","-0.012343","Sell","XRP/USDT-P",1764043977,187000000
22919,"592183248662823936",937,"592183244157355008","0.005664",377093627,true,"MARKET","0.4774424529","26.36724","0.047408","Sell","PROVE/USDT-P",1764043763,877000000
22919,"592183248149283840",132,"592183247360491520","0.005666",377093606,true,"MARKET","137.9800000","0.09126662","0.039245","Sell","SOL/USDT-P",1764043761,919000000
22919,"592183247609529344",132,"592183245685129217","0.005662",377093578,true,"MARKET","862.1187632","0.01459617","0.020550","Sell","BNB/USDT-P",1764043759,858000000
132,"592183193689915392",22919,"592183194390627328","0.005663",377090897,true,"MARKET","2.243200000","5.610277","0.000000","Buy","XRP/USDT-P",1764043556,845000000
132,"592183082663018496",22919,"592183083070391296","0.005653",377085269,true,"MARKET","860.7108962","0.01459617","0.000000","Buy","BNB/USDT-P",1764043132,192000000
22919,"592183029349745664",132,"592183029003452416","0.005647",377082513,true,"MARKET","2.240900000","5.600547","-0.008961","Sell","XRP/USDT-P",1764042927,263000000
22919,"592183028212827136",132,"592183025227005952","0.005666",377082461,true,"MARKET","0.198925230","63.301745","0.035588","Sell","XPL/USDT-P",1764042922,926000000
22919,"592183027531777024",132,"592183020431081472","0.005644",377082419,true,"MARKET","0.1350390000","92.89064","-0.010589","Sell","SEI/USDT-P",1764042920,329000000
132,"592182970642857984",22919,"592182974704256000","0.005649",377079722,true,"MARKET","0.1351530000","92.89064","0.000000","Buy","SEI/USDT-P",1764042718,807000000
937,"592182970587284480",22919,"592182973617669120","0.005643",377079659,true,"MARKET","0.4756444670","26.36724","0.000000","Buy","PROVE/USDT-P",1764042714,664000000
132,"592182970895302656",22919,"592182972709602304","0.005650",377079612,true,"MARKET","0.198363040","63.301745","0.000000","Buy","XPL/USDT-P",1764042711,199000000
132,"592182971918974976",22919,"592182971956724736","0.007530",377079581,true,"MARKET","509.0801759","0.03287083","0.000000","Buy","ZEC/USDT-P",1764042708,328000000
132,"592182917744820224",22919,"592182918106055680","0.005651",377076859,true,"MARKET","2.242500000","5.600547","0.000000","Buy","XRP/USDT-P",1764042502,903000000
132,"592182916589551616",22919,"592182917346362368","0.005649",377076812,true,"MARKET","137.5500000","0.09126662","0.000000","Buy","SOL/USDT-P",1764042500,14000000
22919,"592182916342088704",132,"592182911207997440","0.005622",377076765,true,"MARKET","0.1350120000","92.54052","-0.111974","Sell","SEI/USDT-P",1764042496,174000000
22919,"592182915810722816",22892,"592182913329528832","0.003317",377076733,true,"MARKET","0.4753857151","15.50981","-0.026338","Sell","PROVE/USDT-P",1764042494,148000000
22919,"592182915810722816",937,"592182915366913025","0.002327",377076732,true,"MARKET","0.4751911780","10.88440","-0.020601","Sell","PROVE/USDT-P",1764042494,148000000
22919,"592182914882470912",132,"592182911220318208","0.005655",377076685,true,"MARKET","859.6248580","0.01461895","-0.030629","Sell","BNB/USDT-P",1764042490,606000000
22919,"592182803100861440",132,"592182802813288448","0.005637",377071028,true,"MARKET","137.5300000","0.09108423","-0.064817","Sell","SOL/USDT-P",1764042064,194000000
22919,"592182746266731520",14399,"592182583248028672","0.003554",377068127,true,"MARKET","0.197487718","40.000000","-0.113984","Sell","XPL/USDT-P",1764041847,387000000
22919,"592182746266731520",132,"592182745886359552","0.000933",377068126,true,"MARKET","0.197312404","10.518392","-0.031816","Sell","XPL/USDT-P",1764041847,387000000
132,"592182688556515328",22919,"592182696198538240","0.005672",377065630,true,"MARKET","0.1362220000","92.54052","0.000000","Buy","SEI/USDT-P",1764041656,393000000
22919,"592182643542459392",132,"592182643064307713","0.007646",377063004,true,"MARKET","510.9669653","0.03325554","0.170558","Sell","ZEC/USDT-P",1764041455,526000000
22919,"592182642848039936",132,"592182638980366337","0.005671",377062972,true,"MARKET","0.1362990000","92.47447","0.010634","Sell","SEI/USDT-P",1764041452,876000000
22898,"592182583642816512",22919,"592182588963554304","0.002986",377060226,true,"MARKET","0.200269630","33.134444","0.000000","Buy","XPL/USDT-P",1764041247,323000000
132,"592182588924493824",22919,"592182588963554304","0.001568",377060225,true,"MARKET","0.200466314","17.383948","0.000000","Buy","XPL/USDT-P",1764041247,323000000
937,"592182416962225152",22919,"592182420272579584","0.005666",377051737,true,"MARKET","0.4770838000","26.39421","0.000000","Buy","PROVE/USDT-P",1764040603,820000000
132,"592182417767792640",22919,"592182419195692032","0.005667",377051686,true,"MARKET","0.1361840000","92.47447","0.000000","Buy","SEI/USDT-P",1764040599,710000000
132,"592182418012372992",22919,"592182418058249216","0.006665",377051628,true,"MARKET","505.8698958","0.02927926","0.000000","Buy","ZEC/USDT-P",1764040595,373000000
22950,"592182403358785536",22919,"592182418058249216","0.000904",377051627,true,"MARKET","505.6053126","0.00397628","0.000000","Buy","ZEC/USDT-P",1764040595,373000000
22919,"592182417216766976",132,"592182415981805568","0.001136",377051580,true,"MARKET","0.927540000","2.723252","-0.003159","Sell","VIRTUAL/USDT-P",1764040592,161000000
22919,"592182417216766976",22895,"592182408025998336","0.003392",377051579,true,"MARKET","0.927605211","8.127816","-0.008898","Sell","VIRTUAL/USDT-P",1764040592,161000000
132,"592182362317520896",22919,"592182363156644864","0.004534",377048848,true,"MARKET","0.928700000","10.851068","0.000000","Buy","VIRTUAL/USDT-P",1764040385,939000000
8434,"592182362187235329",22919,"592182362189857792","0.005666",377048795,true,"MARKET","138.2416190","0.09108423","0.000000","Buy","SOL/USDT-P",1764040382,254000000
132,"592182347528667137",22919,"592182360915837952","0.005668",377048725,true,"MARKET","861.7199999","0.01461895","0.000000","Buy","BNB/USDT-P",1764040377,391000000
22919,"592182305247200256",132,"592182304669958144","0.004505",377045948,true,"MARKET","504.0802593","0.01986261","-0.077536","Sell","ZEC/USDT-P",1764040165,33000000
132,"592182252153077760",22919,"592182252328190976","0.004540",377043219,true,"MARKET","507.9838786","0.01986261","0.000000","Buy","ZEC/USDT-P",1764039963,163000000
132,"592182141976051712",22919,"592182142122329088","0.005680",377037696,true,"MARKET","138.2100000","0.09133089","-0.017353","Buy","SOL/USDT-P",1764039542,760000000
22919,"592182089169503232",132,"592182088536948737","0.005672",377035034,true,"MARKET","138.0200000","0.09133089","0.000000","Sell","SOL/USDT-P",1764039340,762000000
22919,"592182087409730560",132,"592182087176945664","0.005702",377034943,true,"MARKET","2928.050000","0.004328000","0.039125","Sell","ETH/USDT-P",1764039334,48000000
22919,"592181925491246080",18678,"592181925079678976","0.005679",377026755,true,"MARKET","0.1508490000","83.66847","0.014250","Sell","DOGE/USDT-P",1764038716,378000000
132,"592181854458871808",22919,"592181863191413760","0.005673",377023589,true,"MARKET","0.1506786944","83.66847","0.000000","Buy","DOGE/USDT-P",1764038478,724000000
22919,"592181862174032896",132,"592181850896859136","0.005661",377023543,true,"MARKET","0.1353280000","92.97227","-0.036724","Sell","SEI/USDT-P",1764038474,841000000
22919,"592181861463884800",14496,"592181855330500608","0.005671",377023497,true,"MARKET","857.2900000","0.01470100","-0.005881","Sell","BNB/USDT-P",1764038472,132000000
22919,"592181861463884800",132,"592181855032967168","0.000000",377023496,true,"MARKET","857.2754683","0.00000003","0.000000","Sell","BNB/USDT-P",1764038472,132000000
22919,"592181860745348096",132,"592181860533010432","0.005654",377023464,true,"MARKET","137.5000000","0.09138676","-0.066712","Sell","SOL/USDT-P",1764038469,393000000
132,"592181748531724288",22919,"592181753690719232","0.005678",377018064,true,"MARKET","0.1357230000","92.97227","0.000000","Buy","SEI/USDT-P",1764038061,10000000
14496,"592181644746293248",22919,"592181644953912320","0.005674",377012567,true,"MARKET","857.6900000","0.01470103","0.000000","Buy","BNB/USDT-P",1764037646,212000000
22919,"592181643948327936",14225,"592181633158743040","0.004531",377012517,true,"MARKET","0.1502563193","67.01746","-0.027798","Sell","DOGE/USDT-P",1764037642,378000000
132,"592181590594682880",22919,"592181590689055744","0.004543",377009830,true,"MARKET","0.1506710973","67.01746","0.000000","Buy","DOGE/USDT-P",1764037439,209000000
22919,"592181536812958720",132,"592181529036455936","0.005679",377007108,true,"MARKET","860.5400001","0.01466736","-0.009828","Sell","BNB/USDT-P",1764037233,687000000
13095,"592181427226543104",22919,"592181428868875264","0.005684",377001647,true,"MARKET","861.2099998","0.01466736","0.000000","Buy","BNB/USDT-P",1764036821,913000000
132,"592181426379030528",22919,"592181427949798400","0.005684",377001601,true,"MARKET","138.2300000","0.09138676","0.000000","Buy","SOL/USDT-P",1764036818,409000000
132,"592181374310154240",22919,"592181375091082240","0.005685",376998912,true,"MARKET","2919.010000","0.004328000","0.000000","Buy","ETH/USDT-P",1764036616,769000000
22919,"592181320382678016",14496,"592181320295120896","0.005681",376996134,true,"MARKET","2918.280000","0.004326040","-0.027773","Sell","ETH/USDT-P",1764036408,73000000
22919,"592181319801242624",937,"592181319766377472","0.004536",376996109,true,"MARKET","0.1361634444","74.04355","-0.077935","Sell","SEI/USDT-P",1764036405,854000000
22919,"592181319242613760",132,"592181319075889152","0.005689",376996076,true,"MARKET","1.539800000","8.211401","-0.058301","Sell","SUI/USDT-P",1764036403,724000000
22919,"592181318472172544",132,"592181314981462017","0.005681",376996037,true,"MARKET","859.8700001","0.01468242","-0.025219","Sell","BNB/USDT-P",1764036400,783000000
22919,"592181317729256448",132,"592181317306941440","0.005697",376995991,true,"MARKET","138.0300000","0.09172404","-0.022931","Sell","SOL/USDT-P",1764036397,952000000
132,"592181262428667904",22919,"592181262884013056","0.005693",376993222,true,"MARKET","2924.700000","0.004326040","0.000000","Buy","ETH/USDT-P",1764036188,734000000
132,"592181148619898880",22919,"592181153006617600","0.005692",376987631,true,"MARKET","861.5876478","0.01468242","0.000000","Buy","BNB/USDT-P",1764035769,583000000
22919,"592181089994277888",132,"592181088613564418","0.004523",376984468,true,"MARKET","33.18060000","0.3029679","-0.115098","Sell","HYPE/USDT-P",1764035529,210000000
132,"592180981923840001",22919,"592180982090040320","0.005707",376979030,true,"MARKET","138.2800000","0.09172404","0.000000","Buy","SOL/USDT-P",1764035117,588000000
22919,"592180914266833920",13095,"592180912990192640","0.005714",376975648,true,"MARKET","138.2700001","0.09183597","0.006358","Sell","SOL/USDT-P",1764034858,863000000
22919,"592180913721050112",14496,"592180912546906112","0.004569",376975616,true,"MARKET","2.256010000","4.500786","-0.023809","Sell","XRP/USDT-P",1764034856,780000000
22919,"592180912998319104",20806,"592179840859242497","0.005701",376975583,true,"MARKET","2935.372695","0.004316650","-0.023903","Sell","ETH/USDT-P",1764034854,24000000
22919,"592180912480846848",14496,"592180912062201856","0.005699",376975551,true,"MARKET","862.4900000","0.01468479","-0.028944","Sell","BNB/USDT-P",1764034852,50000000
132,"592180857261785088",22919,"592180857679905792","0.004579",376972775,true,"MARKET","2.261300000","4.500786","0.000000","Buy","XRP/USDT-P",1764034643,0
132,"592180743231242240",22919,"592180746250617856","0.004571",376967174,true,"MARKET","0.1372160000","74.04355","0.000000","Buy","SEI/USDT-P",1764034217,930000000
132,"592180658050433025",22919,"592180660263977984","0.004575",376962823,true,"MARKET","33.56050000","0.3029679","0.000000","Buy","HYPE/USDT-P",1764033889,920000000
132,"592180407070883841",22919,"592180407572366336","0.005712",376950113,true,"MARKET","2940.910000","0.004316650","0.000000","Buy","ETH/USDT-P",1764032925,978000000
132,"592180349289103360",22919,"592180350350001152","0.005712",376947180,true,"MARKET","864.4610368","0.01468479","0.000000","Buy","BNB/USDT-P",1764032707,690000000
8434,"592180349380853761",22919,"592180349579297792","0.005711",376947144,true,"MARKET","138.2007637","0.09183597","0.000000","Buy","SOL/USDT-P",1764032704,761000000
22919,"592180294803260416",13095,"592180294408733696","0.005697",376944424,true,"MARKET","138.0100001","0.09173516","-0.046722","Sell","SOL/USDT-P",1764032495,798000000
132,"592180239991308288",22919,"592180240232219648","0.005715",376941625,true,"MARKET","1.546900000","8.211401","0.000000","Buy","SUI/USDT-P",1764032287,625000000
8434,"592180238866186240",22919,"592180239226373120","0.005718",376941577,true,"MARKET","138.5193127","0.09173516","0.000000","Buy","SOL/USDT-P",1764032283,789000000
22919,"592180235949573120",132,"592180235490820097","0.005709",376941424,true,"MARKET","0.2620154039","48.42772","-0.037070","Sell","ENA/USDT-P",1764032271,289000000
22919,"592180235192763392",132,"592180233647161344","0.004557",376941379,true,"MARKET","0.936000000","10.820793","-0.047719","Sell","VIRTUAL/USDT-P",1764032268,400000000
132,"592180180437696512",22919,"592180182117516288","0.004579",376938691,true,"MARKET","0.940410000","10.820793","0.000000","Buy","VIRTUAL/USDT-P",1764032065,934000000
22897,"592180175468233728",22919,"592180181158069248","0.004675",376938645,true,"MARKET","0.2627636965","39.54092","0.000001","Buy","ENA/USDT-P",1764032062,276000000
132,"592180180300333057",22919,"592180181158069248","0.001051",376938644,true,"MARKET","0.2628573360","8.88680","0.000000","Buy","ENA/USDT-P",1764032062,275000000
22919,"592180179924419584",132,"592180179896369152","0.005720",376938583,true,"MARKET","138.5900000","0.09173035","-0.020864","Sell","SOL/USDT-P",1764032057,570000000
22919,"592180125059777536",19296,"592180114081447936","0.005737",376935802,true,"MARKET","2942.055566","0.004333710","0.017532","Sell","ETH/USDT-P",1764031848,278000000
22919,"592180124506391552",13095,"592180124056028160","0.005724",376935771,true,"MARKET","863.6000001","0.01472970","-0.015614","Sell","BNB/USDT-P",1764031846,165000000
22919,"592180017739596800",132,"592180017387536384","0.004568",376930427,true,"MARKET","0.2632549798","38.56771","-0.042829","Sell","ENA/USDT-P",1764031438,884000000
132,"592179901772857344",22919,"592179907601105920","0.004588",376924881,true,"MARKET","0.2643654519","38.56771","0.000000","Buy","ENA/USDT-P",1764031018,739000000
14496,"592179906000453632",22919,"592179906847966208","0.005731",376924850,true,"MARKET","864.6600000","0.01472970","0.000000","Buy","BNB/USDT-P",1764031015,864000000
8434,"592179905923645440",22919,"592179905933870080","0.005730",376924803,true,"MARKET","138.8174509","0.09173035","0.000000","Buy","SOL/USDT-P",1764031012,379000000
132,"592179849714466816",22919,"592179849856812032","0.005729",376921969,true,"MARKET","2938.010000","0.004333710","0.000000","Buy","ETH/USDT-P",1764030798,462000000
22919,"592179847832798208",18678,"592179847133659136","0.004571",376921855,true,"MARKET","0.194700000","52.180174","-0.048699","Sell","XPL/USDT-P",1764030790,739000000
22919,"592179847252149248",132,"592179846820659200","0.005719",376921824,true,"MARKET","523.2100001","0.02429399","-0.042325","Sell","ZEC/USDT-P",1764030788,525000000
132,"592179793787092992",22919,"592179793793647616","0.005731",376919136,true,"MARKET","137.7100000","0.09248296","0.009248","Buy","SOL/USDT-P",1764030584,598000000
132,"592179738552041472",22919,"592179739013940224","0.004593",376916374,true,"MARKET","0.195633284","52.180174","0.000000","Buy","XPL/USDT-P",1764030375,628000000
132,"592179682955231232",22919,"592179683329049600","0.005738",376913608,true,"MARKET","524.9522099","0.02429399","0.000000","Buy","ZEC/USDT-P",1764030163,209000000
18678,"592179676498100224",22919,"592179682093827072","0.005741",376913547,true,"MARKET","0.1515130000","84.21558","-0.019959","Buy","DOGE/USDT-P",1764030158,496000000
22919,"592179681388659712",132,"592179680462766080","0.005735",376913514,true,"MARKET","861.6172312","0.01479366","-0.000117","Sell","BNB/USDT-P",1764030155,804000000
132,"592179618835333120",22919,"592179625452110848","0.005735",376910695,true,"MARKET","861.6251744","0.01479366","0.000000","Buy","BNB/USDT-P",1764029942,426000000
22919,"592179624534606848",18678,"592179609646661632","0.005732",376910647,true,"MARKET","0.1512760000","84.21558","0.000000","Sell","DOGE/USDT-P",1764029938,926000000
22919,"592179623759184896",13095,"592179621409588224","0.005735",376910600,true,"MARKET","137.8100001","0.09248296","0.000000","Sell","SOL/USDT-P",1764029935,968000000
22919,"592179619068642304",16430,"592179618238955520","0.003151",376910374,true,"MARKET","87918.04196","0.0000796680","-0.062853","Sell","BTC/USDT-P",1764029918,74000000
22919,"592179619068642304",16430,"592179618093465600","0.004499",376910373,true,"MARKET","87920.67974","0.0001137320","-0.089426","Sell","BTC/USDT-P",1764029918,74000000
22919,"592179567740060672",132,"592179567329017856","0.005732",376907767,true,"MARKET","137.9100000","0.09237233","-0.036948","Sell","SOL/USDT-P",1764029722,271000000
22919,"592179567014970368",132,"592179563896242176","0.005722",376907717,true,"MARKET","522.1413402","0.02435429","-0.079818","Sell","ZEC/USDT-P",1764029719,505000000
132,"592179460373741568",22919,"592179460524213248","0.005749",376902113,true,"MARKET","138.3100000","0.09237233","0.000000","Buy","SOL/USDT-P",1764029313,276000000
132,"592179459285319680",22919,"592179459579970560","0.005758",376902068,true,"MARKET","525.4187032","0.02435429","0.000000","Buy","ZEC/USDT-P",1764029309,674000000
22919,"592179403685889024",132,"592179403480629248","0.005744",376899291,true,"MARKET","138.0300000","0.09247956","-0.013934","Sell","SOL/USDT-P",1764029096,454000000
8434,"592179345714577408",22919,"592179347255460864","0.005750",376896459,true,"MARKET","138.1806740","0.09247956","0.000000","Buy","SOL/USDT-P",1764028881,190000000
22919,"592179346365481984",22892,"592179335786921984","0.003327",376896422,true,"MARKET","0.4818940896","15.34600","-0.040236","Sell","PROVE/USDT-P",1764028877,794000000
22919,"592179346365481984",22921,"592179335415202816","0.001253",376896420,true,"MARKET","0.4817810601","5.78182","-0.015813","Sell","PROVE/USDT-P",1764028877,794000000
22919,"592179345475240960",132,"592179344924475392","0.005736",376896379,true,"MARKET","516.9348205","0.02465985","-0.056595","Sell","ZEC/USDT-P",1764028874,399000000
132,"592179289208389633",22919,"592179289497273344","0.005761",376893422,true,"MARKET","519.2298444","0.02465985","0.000000","Buy","ZEC/USDT-P",1764028660,860000000
22919,"592179288257332224",132,"592179288057053185","0.007704",376893358,true,"MARKET","2952.720000","0.005798700","-0.022209","Sell","ETH/USDT-P",1764028656,130000000
937,"592179230266098688",22919,"592179235106325504","0.004606",376890556,true,"MARKET","0.4845159690","21.12782","0.000000","Buy","PROVE/USDT-P",1764028453,374000000
22919,"592179177278931968",132,"592179177184296960","0.005758",376887568,true,"MARKET","138.4100000","0.09244991","-0.013607","Sell","SOL/USDT-P",1764028232,781000000
22919,"592179176715584512",132,"592179176192081920","0.005757",376887536,true,"MARKET","521.5085699","0.02453298","-0.044194","Sell","ZEC/USDT-P",1764028230,632000000
8434,"592179122851020802",22919,"592179122853118976","0.005764",376884766,true,"MARKET","138.5571889","0.09244991","0.000000","Buy","SOL/USDT-P",1764028025,162000000
132,"592179121931681792",22919,"592179121947411456","0.005777",376884717,true,"MARKET","523.3099999","0.02453298","0.000000","Buy","ZEC/USDT-P",1764028021,709000000
22919,"592179067634320384",132,"592179067598405632","0.005740",376881923,true,"MARKET","525.0741467","0.02429390","-0.077018","Sell","ZEC/USDT-P",1764027814,519000000
22919,"592179007852381184",8434,"592178999957127168","0.005761",376878874,true,"MARKET","138.4904766","0.09245415","-0.048956","Sell","SOL/USDT-P",1764027586,470000000
132,"592179007383142401",22919,"592179007390745600","0.005774",376878858,true,"MARKET","528.2444010","0.02429390","0.000000","Buy","ZEC/USDT-P",1764027584,708000000
22919,"592178951788430336",937,"592178944737018880","0.005780",376876030,true,"MARKET","864.2168314","0.01486497","-0.011196","Sell","BNB/USDT-P",1764027372,602000000
22919,"592178951256802304",132,"592178951077232640","0.005762",376875999,true,"MARKET","2.227800000","5.748158","-0.049377","Sell","XRP/USDT-P",1764027370,573000000
22919,"592178780420178944",937,"592178780350972929","0.005777",376867257,true,"MARKET","0.1377152538","93.22399","-0.012375","Sell","SEI/USDT-P",1764026718,883000000
14496,"592178663737786368",22919,"592178665557853184","0.005784",376861347,true,"MARKET","2.236390000","5.748158","0.000000","Buy","XRP/USDT-P",1764026280,718000000
132,"592178603250679808",22919,"592178611578995712","0.005782",376858585,true,"MARKET","0.1378480000","93.22399","0.000000","Buy","SEI/USDT-P",1764026074,806000000
18678,"592178610753503232",22919,"592178610808816640","0.005783",376858538,true,"MARKET","139.0200000","0.09245415","0.000000","Buy","SOL/USDT-P",1764026071,870000000
13095,"592178608130229248",22919,"592178610043880448","0.005785",376858501,true,"MARKET","864.9699999","0.01486497","0.000000","Buy","BNB/USDT-P",1764026068,949000000
22919,"592178554685096960",132,"592178553645432832","0.005784",376855649,true,"MARKET","138.7700000","0.09262994","-0.021305","Sell","SOL/USDT-P",1764025857,773000000
22919,"592178554125157376",132,"592178553885294592","0.005769",376855618,true,"MARKET","529.9557983","0.02419142","-0.044479","Sell","ZEC/USDT-P",1764025855,638000000
22919,"592178553415533568",14496,"592178553375424512","0.005780",376855587,true,"MARKET","862.8700000","0.01488777","-0.020247","Sell","BNB/USDT-P",1764025852,930000000
132,"592178552721113088",22919,"592178552989549568","0.007714",376855556,true,"MARKET","2956.550000","0.005798700","0.000000","Buy","ETH/USDT-P",1764025851,305000000
132,"592178495846875137",22919,"592178500222321664","0.005789",376852850,true,"MARKET","864.2299999","0.01488777","0.000000","Buy","BNB/USDT-P",1764025650,14000000
132,"592178498460712960",22919,"592178499318973440","0.005789",376852804,true,"MARKET","531.7944249","0.02419142","0.000000","Buy","ZEC/USDT-P",1764025646,569000000
22919,"592178498280621056",937,"592178467923035137","0.005779",376852758,true,"MARKET","0.1376245738","93.32787","-0.025425","Sell","SEI/USDT-P",1764025642,606000000
132,"592178439685668865",22919,"592178443496457216","0.005791",376849974,true,"MARKET","0.1378970000","93.32787","0.000000","Buy","SEI/USDT-P",1764025433,621000000
18678,"592178442123083776",22919,"592178442419831808","0.005794",376849913,true,"MARKET","139.0000000","0.09262994","0.000000","Buy","SOL/USDT-P",1764025429,516000000
22919,"592178388465615872",8434,"592178388361805824","0.005800",376847149,true,"MARKET","139.0631138","0.09268907","0.028095","Sell","SOL/USDT-P",1764025223,697000000
22919,"592178387940803584",132,"592178386427707392","0.005806",376847103,true,"MARKET","532.8740256","0.02421636","0.015871","Sell","ZEC/USDT-P",1764025221,695000000
937,"592178386923684864",22919,"592178387212305408","0.007699",376847072,true,"MARKET","33.41580308","0.5120217","0.069889","Buy","HYPE/USDT-P",1764025218,916000000
22919,"592178386263081984",937,"592178385972626432","0.005794",376847024,true,"MARKET","0.1379265571","93.36153","0.017604","Sell","SEI/USDT-P",1764025215,293000000
132,"592178332062449664",22919,"592178332142404608","0.005799",376844207,true,"MARKET","532.2186654","0.02421636","0.000000","Buy","ZEC/USDT-P",1764025008,841000000
16430,"592178272238567424",22919,"592178330458653696","0.004500",376844109,true,"MARKET","88705.85870","0.0001127388","0.000000","Buy","BTC/USDT-P",1764025002,415000000
16430,"592178272379338752",22919,"592178330458653696","0.003219",376844108,true,"MARKET","88708.51972","0.0000806612","0.000000","Buy","BTC/USDT-P",1764025002,415000000
132,"592178266605617152",22919,"592178272728253440","0.005786",376841144,true,"MARKET","0.1377380000","93.36153","0.000000","Buy","SEI/USDT-P",1764024782,192000000
132,"592178270885380096",22919,"592178271547819008","0.005787",376841082,true,"MARKET","138.7600000","0.09268907","0.000000","Buy","SOL/USDT-P",1764024777,690000000
132,"592178270009556992",22919,"592178270187291648","0.005801",376841002,true,"MARKET","0.1524069333","84.59708","0.000602","Buy","DOGE/USDT-P",1764024772,501000000
22919,"592178269646226432",132,"592178269535862784","0.005790",376840985,true,"MARKET","865.6089785","0.01486623","-0.035293","Sell","BNB/USDT-P",1764024770,435000000
132,"592178268690448384",22919,"592178268928214016","0.005779",376840937,true,"MARKET","0.937200000","13.704825","0.038894","Buy","VIRTUAL/USDT-P",1764024767,696000000
22919,"592178215057359872",18678,"592178211016146944","0.005791",376838140,true,"MARKET","138.6100000","0.09285674","-0.031149","Sell","SOL/USDT-P",1764024562,196000000
132,"592178200668012544",22919,"592178214489031680","0.005798",376838109,true,"MARKET","0.1377830000","93.52527","0.005918","Buy","SEI/USDT-P",1764024560,62000000
22919,"592178209824441344",132,"592178206565990400","0.007657",376837876,true,"MARKET","528.3800162","0.03220735","-0.191384","Sell","ZEC/USDT-P",1764024542,234000000
22919,"592178157664076800",937,"592178145564820480","0.005801",376835188,true,"MARKET","0.1378462741","93.52527","0.000000","Sell","SEI/USDT-P",1764024343,258000000
937,"592178155849253888",22919,"592178156749194240","0.007744",376835142,true,"MARKET","534.3222725","0.03220735","0.000000","Buy","ZEC/USDT-P",1764024339,768000000
22919,"592178099844547584",22895,"592178098231837696","0.003608",376832242,true,"MARKET","0.940170306","8.528545","0.000000","Sell","VIRTUAL/USDT-P",1764024122,694000000
22919,"592178099844547584",132,"592178099341230080","0.002189",376832241,true,"MARKET","0.939820000","5.176280","0.000000","Sell","VIRTUAL/USDT-P",1764024122,694000000
22919,"592178098734892032",132,"592178097035673600","0.007730",376832180,true,"MARKET","33.55230000","0.5120217","0.000000","Sell","HYPE/USDT-P",1764024118,462000000
22919,"592178098005869568",937,"592178097965761536","0.005802",376832149,true,"MARKET","0.1524140460","84.59708","0.000000","Sell","DOGE/USDT-P",1764024115,681000000
8434,"592178095807528960",22919,"592178096917709824","0.005805",376832079,true,"MARKET","138.9454500","0.09285674","0.000000","Buy","SOL/USDT-P",1764024111,529000000
132,"592178095574745088",22919,"592178095983166464","0.005806",376832032,true,"MARKET","867.9830694","0.01486623","0.000000","Buy","BNB/USDT-P",1764024107,963000000
22919,"592177981492036608",132,"592177977103482881","0.007715",376826150,true,"MARKET","534.9062800","0.03205479","-0.078591","Sell","ZEC/USDT-P",1764023671,218000000
22919,"592177980932359168",132,"592177974721380353","0.005809",376826111,true,"MARKET","0.938600000","13.753366","-0.002200","Sell","VIRTUAL/USDT-P",1764023669,79000000
132,"592177928690991104",22919,"592177928826520576","0.005809",376823429,true,"MARKET","0.938760000","13.753366","0.000000","Buy","VIRTUAL/USDT-P",1764023470,316000000
132,"592177926539313152",22919,"592177927015629824","0.007751",376823346,true,"MARKET","537.3580615","0.03205479","0.000000","Buy","ZEC/USDT-P",1764023463,405000000
22919,"592177872508552192",937,"592177833260876801","0.003281",376820545,true,"MARKET","0.1380311603","52.83096","-0.017320","Sell","SEI/USDT-P",1764023255,475000000
22919,"592177871987409920",132,"592177871158509568","0.003282",376820512,true,"MARKET","866.2087691","0.00842094","-0.016347","Sell","BNB/USDT-P",1764023253,486000000
22919,"592177871268086784",18678,"592177867951964160","0.003291",376820477,true,"MARKET","139.0200000","0.05261042","0.006820","Sell","SOL/USDT-P",1764023250,744000000
132,"592177805751222272",22919,"592177817036260352","0.003289",376817604,true,"MARKET","0.1383590000","52.83096","0.000000","Buy","SEI/USDT-P",1764023043,866000000
8434,"592177761570258947",22919,"592177762155365376","0.003288",376814801,true,"MARKET","138.8903601","0.05261042","0.000000","Buy","SOL/USDT-P",1764022834,512000000
14496,"592177757261660160",22919,"592177761327776768","0.003289",376814754,true,"MARKET","868.1500000","0.00842094","0.000000","Buy","BNB/USDT-P",1764022831,354000000
22919,"592177704068711424",132,"592177703453720576","0.003291",376811827,true,"MARKET","139.0100000","0.05262086","-0.011095","Sell","SOL/USDT-P",1764022612,930000000
22919,"592177703461061632",132,"592177701676122112","0.003288",376811791,true,"MARKET","32.69830000","0.2234935","-0.025056","Sell","HYPE/USDT-P",1764022610,611000000
22919,"592177702689833984",132,"592177702357696512","0.003269",376811744,true,"MARKET","534.5349824","0.01359213","-0.066450","Sell","ZEC/USDT-P",1764022607,670000000
8434,"592177647218327553",22919,"592177649227400192","0.003296",376808931,true,"MARKET","139.2208460","0.05262086","0.000000","Buy","SOL/USDT-P",1764022403,727000000
132,"592177645198245888",22919,"592177646824850432","0.003299",376808800,true,"MARKET","539.4238206","0.01359213","0.000000","Buy","ZEC/USDT-P",1764022394,561000000
937,"592177589505754112",22919,"592177590145385472","0.003299",376805886,true,"MARKET","32.81041220","0.2234935","0.000000","Buy","HYPE/USDT-P",1764022178,347000000
22919,"592177533225796608",132,"592177532765732864","0.003303",376802862,true,"MARKET","32.65210000","0.2248058","0.002878","Sell","HYPE/USDT-P",1764021961,217000000
22919,"592177532551824384",132,"592177532020719616","0.003292",376802831,true,"MARKET","538.4008206","0.01358982","-0.023701","Sell","ZEC/USDT-P",1764021958,645000000
132,"592177479517470720",22919,"592177480393294848","0.003301",376800154,true,"MARKET","32.63930000","0.2248058","0.000000","Buy","HYPE/USDT-P",1764021759,676000000
132,"592177478907461632",22919,"592177479317193728","0.003303",376800106,true,"MARKET","540.1448585","0.01358982","0.000000","Buy","ZEC/USDT-P",1764021755,571000000
22919,"592177477392794624",18678,"592177474146140160","0.003298",376799998,true,"MARKET","139.0400000","0.05271338","-0.001410","Sell","SOL/USDT-P",1764021748,230000000
8434,"592177420512264193",22919,"592177423067644928","0.003298",376797196,true,"MARKET","139.0667489","0.05271338","0.000000","Buy","SOL/USDT-P",1764021540,995000000
22919,"592177421984728064",132,"592177409488322561","0.003289",376797133,true,"MARKET","32.41680000","0.2254797","-0.038512","Sell","HYPE/USDT-P",1764021536,865000000
22919,"592177421457032192",18678,"592177420622364672","0.004390",376797102,true,"MARKET","536.3200000","0.01819376","-0.039657","Sell","ZEC/USDT-P",1764021534,852000000
132,"592177359664447488",22919,"592177360623109120","0.003306",376793965,true,"MARKET","32.58760000","0.2254797","0.000000","Buy","HYPE/USDT-P",1764021302,789000000
132,"592177350388482048",22919,"592177358884045824","0.004408",376793874,true,"MARKET","538.4997380","0.01819376","0.000000","Buy","ZEC/USDT-P",1764021296,155000000
22919,"592177306070680576",1389,"592177305377047552","0.004407",376791159,true,"MARKET","88822.50000","0.0001102800","0.003507","Sell","BTC/USDT-P",1764021094,686000000
22919,"592177305356600320",132,"592177302299475968","0.003313",376791128,true,"MARKET","536.1500001","0.01373333","0.013456","Sell","ZEC/USDT-P",1764021091,963000000
22919,"592177252880614400",132,"592177250361933824","0.003295",376788433,true,"MARKET","865.6800001","0.00845907","-0.022078","Sell","BNB/USDT-P",1764020891,783000000
132,"592177247201787904",22919,"592177252428678144","0.003307",376788402,true,"MARKET","535.1701730","0.01373333","0.000000","Buy","ZEC/USDT-P",1764020890,59000000
132,"592177195875565569",22919,"592177196551111680","0.004406",376785474,true,"MARKET","88790.70000","0.0001102800","0.000000","Buy","BTC/USDT-P",1764020676,903000000
14496,"592177142523756544",22919,"592177142871098368","0.003305",376782677,true,"MARKET","868.2900000","0.00845907","0.000000","Buy","BNB/USDT-P",1764020472,129000000
22919,"592177058924725248",19809,"592176366298334208","0.001501",376778310,true,"MARKET","138.2254728","0.02413719","-0.005527","Sell","SOL/USDT-P",1764020151,901000000
22919,"592177058924725248",22612,"592176413720707072","0.001804",376778309,true,"MARKET","138.2604210","0.02899541","-0.005624","Sell","SOL/USDT-P",1764020151,901000000
22919,"592177003193697280",132,"592177002786586624","0.003309",376775381,true,"MARKET","0.1527510642","48.14703","0.005203","Sell","DOGE/USDT-P",1764019939,303000000
132,"592176943348842497",22919,"592176947865584640","0.003307",376772486,true,"MARKET","0.1526429999","48.14703","0.000000","Buy","DOGE/USDT-P",1764019728,244000000
22919,"592176946845582336",132,"592176941874806784","0.003301",376772430,true,"MARKET","32.72090000","0.2242391","-0.021549","Sell","HYPE/USDT-P",1764019724,353000000
22919,"592176945621369856",132,"592176945580736512","0.003311",376772357,true,"MARKET","1.549500000","4.748851","-0.008073","Sell","SUI/USDT-P",1764019719,683000000
132,"592176889212436480",22919,"592176890866566144","0.003311",376769521,true,"MARKET","32.81700000","0.2242391","0.000000","Buy","HYPE/USDT-P",1764019510,808000000
132,"592176889550077952",22919,"592176889777095680","0.003314",376769458,true,"MARKET","1.551200000","4.748851","0.000000","Buy","SUI/USDT-P",1764019506,654000000
22919,"592176834444526592",22897,"592176828593210368","0.003304",376766607,true,"MARKET","0.2607200825","28.16179","-0.020083","Sell","ENA/USDT-P",1764019295,576000000
22919,"592176833573159936",937,"592176827958297600","0.003311",376766576,true,"MARKET","0.4887185240","15.05847","-0.005127","Sell","PROVE/USDT-P",1764019292,253000000
8434,"592176830374739969",22919,"592176831652168704","0.003310",376766464,true,"MARKET","138.4544222","0.05313260","0.000000","Buy","SOL/USDT-P",1764019284,927000000
132,"592176774171066369",22919,"592176776356824064","0.003313",376763601,true,"MARKET","0.2614332336","28.16179","0.000000","Buy","ENA/USDT-P",1764019073,990000000
937,"592176773295244288",22919,"592176775456883712","0.003314",376763555,true,"MARKET","0.4890590455","15.05847","0.000000","Buy","PROVE/USDT-P",1764019070,557000000
22919,"592176773900272640",22899,"592176754761663488","0.003307",376763463,true,"MARKET","0.1525946088","48.16383","-0.020826","Sell","DOGE/USDT-P",1764019064,618000000
22919,"592176773364712448",8434,"592176770396717056","0.004415",376763432,true,"MARKET","138.5627110","0.07081761","-0.015387","Sell","SOL/USDT-P",1764019062,575000000
22919,"592176772840424448",132,"592176772597415936","0.003304",376763416,true,"MARKET","1.544000000","4.756658","-0.025686","Sell","SUI/USDT-P",1764019060,576000000
18678,"592176716094373888",22919,"592176717800145920","0.003316",376760572,true,"MARKET","0.1530270000","48.16383","0.000000","Buy","DOGE/USDT-P",1764018850,613000000
132,"592176716682625025",22919,"592176717037831168","0.003316",376760524,true,"MARKET","1.549400000","4.756658","0.000000","Buy","SUI/USDT-P",1764018847,706000000
132,"592176715640602625",22919,"592176716116657152","0.004422",376760470,true,"MARKET","138.7800000","0.07081761","0.000000","Buy","SOL/USDT-P",1764018844,192000000
22919,"592176660916995072",132,"592176656965959682","0.003307",376757625,true,"MARKET","32.70030000","0.2247768","-0.036504","Sell","HYPE/USDT-P",1764018633,622000000
22919,"592176660368327680",22897,"592176657561027584","0.003321",376757594,true,"MARKET","0.2610393978","28.27767","-0.004843","Sell","ENA/USDT-P",1764018631,529000000
22919,"592176659829883904",22694,"592176659533135873","0.003316",376757563,true,"MARKET","1.541080883","4.782411","-0.010134","Sell","SUI/USDT-P",1764018629,474000000
22919,"592176659088278528",8434,"592176658837929986","0.004417",376757526,true,"MARKET","138.5432835","0.07086207","-0.023861","Sell","SOL/USDT-P",1764018626,648000000
132,"592176603231420416",22919,"592176603983512576","0.003324",376754653,true,"MARKET","32.86270000","0.2247768","0.000000","Buy","HYPE/USDT-P",1764018416,439000000
132,"592176602409074688",22919,"592176602859176960","0.003323",376754591,true,"MARKET","0.2612106636","28.27767","0.000000","Buy","ENA/USDT-P",1764018412,149000000
132,"592176601528795136",22919,"592176602091881472","0.003321",376754550,true,"MARKET","1.543200000","4.782411","0.000000","Buy","SUI/USDT-P",1764018409,221000000
132,"592176600917737472",22919,"592176600978031616","0.004428",376754489,true,"MARKET","138.8800000","0.07086207","0.000000","Buy","SOL/USDT-P",1764018404,973000000
22919,"592176561503077376",132,"592176561003429888","0.000897",376752436,true,"MARKET","2971.170000","0.000670939","-0.007240","Sell","ETH/USDT-P",1764018254,388000000
22919,"592176560415704064",132,"592176560057614336","0.004434",376752372,true,"MARKET","138.7400000","0.07102594","-0.012694","Sell","SOL/USDT-P",1764018250,240000000
22919,"592176545420018688",132,"592176543278301184","0.002234",376751577,true,"MARKET","0.2594104616","19.14293","-0.041602","Sell","ENA/USDT-P",1764018193,36000000
22919,"592176544886293504",132,"592176544421249024","0.002241",376751543,true,"MARKET","0.192330001","25.893683","-0.029653","Sell","XPL/USDT-P",1764018190,999000000
22919,"592176544018596864",132,"592176543288786944","0.002243",376751504,true,"MARKET","1.546900000","3.222521","-0.014179","Sell","SUI/USDT-P",1764018187,690000000
22919,"592176487684113408",18678,"592176487119454208","0.002248",376748581,true,"MARKET","0.1532110000","32.60871","-0.006554","Sell","DOGE/USDT-P",1764017972,791000000
8434,"592176487036354563",22919,"592176487045268480","0.004440",376748549,true,"MARKET","138.9187180","0.07102594","0.000000","Buy","SOL/USDT-P",1764017970,353000000
132,"592176436648607744",22919,"592176437075641344","0.002241",376745971,true,"MARKET","2.258900000","2.205051","0.014796","Buy","XRP/USDT-P",1764017779,732000000
22919,"592176436359726080",937,"592176400701588480","0.002251",376745928,true,"MARKET","0.1387723029","36.05829","0.001813","Sell","SEI/USDT-P",1764017777,3000000
132,"592176434246582272",22919,"592176435899401216","0.002254",376745911,true,"MARKET","0.193475186","25.893683","0.000000","Buy","XPL/USDT-P",1764017775,246000000
132,"592176434749112320",22919,"592176435181913088","0.002249",376745866,true,"MARKET","1.551300000","3.222521","0.000000","Buy","SUI/USDT-P",1764017772,512000000
132,"592176372705394688",22919,"592176379831780352","0.002253",376742993,true,"MARKET","0.2615837088","19.14293","0.000000","Buy","ENA/USDT-P",1764017561,367000000
132,"592176378477019136",22919,"592176379299628032","0.002250",376742962,true,"MARKET","0.1387220000","36.05829","0.000000","Buy","SEI/USDT-P",1764017559,335000000
18678,"592176378305314817",22919,"592176378429047808","0.002251",376742918,true,"MARKET","0.1534120000","32.60871","0.000000","Buy","DOGE/USDT-P",1764017556,15000000
22919,"592176377729123328",14496,"592176377228689408","0.002248",376742877,true,"MARKET","2.265610000","2.205051","0.000000","Sell","XRP/USDT-P",1764017553,343000000
22919,"592176376887641088",132,"592176376469782528","0.002246",376742842,true,"MARKET","0.002809000000","1777.290","-0.014218","Sell","PUMP/USDT-P",1764017550,135000000
22919,"592176375714808832",132,"592176375544414208","0.002249",376742781,true,"MARKET","1.549300000","3.226702","-0.003227","Sell","SUI/USDT-P",1764017545,661000000
132,"592176317143711745",22919,"592176321238402048","0.002252",376739861,true,"MARKET","0.002817000000","1777.290","0.000000","Buy","PUMP/USDT-P",1764017337,849000000
132,"592176320392986624",22919,"592176320501515264","0.002251",376739829,true,"MARKET","1.550300000","3.226702","0.000000","Buy","SUI/USDT-P",1764017335,39000000
132,"592176318730993665",22919,"592176318731781120","0.000900",376739737,true,"MARKET","2.270900000","0.881478","-0.005518","Buy","XRP/USDT-P",1764017328,288000000
22919,"592176225448100864",14496,"592176225286619136","0.000898",376734901,true,"MARKET","2.264640000","0.881478","0.000000","Sell","XRP/USDT-P",1764016972,438000000
22919,"592176224284181504",937,"592176210546000896","0.000898",376734836,true,"MARKET","0.4884371869","4.08673","-0.005601","Sell","PROVE/USDT-P",1764016968,0
22919,"592176223739184128",132,"592176223247925248","0.000899",376734803,true,"MARKET","1.554800000","1.285272","-0.002314","Sell","SUI/USDT-P",1764016965,920000000
22892,"592176135905476608",22919,"592176186874135552","0.000900",376732881,true,"MARKET","0.4898075959","4.08673","0.000000","Buy","PROVE/USDT-P",1764016825,291000000
132,"592176186349846528",22919,"592176186350633985","0.000900",376732861,true,"MARKET","1.556600000","1.285272","0.000000","Buy","SUI/USDT-P",1764016823,295000000
132,"592176185556860928",22919,"592176185803539456","0.000900",376732827,true,"MARKET","2981.960000","0.000670939","0.000000","Buy","ETH/USDT-P",1764016821,207000000
22919,"592176183972987904",132,"592176183498244096","0.000901",376732717,true,"MARKET","0.939410000","2.132069","0.001044","Sell","VIRTUAL/USDT-P",1764016814,223000000
132,"592175950879784960",22919,"592175951004304384","0.000900",376720378,true,"MARKET","0.938920000","2.132069","0.000000","Buy","VIRTUAL/USDT-P",1764015925,518000000
22919,"592175065056150528",132,"592175064486772736","0.000899",376673719,true,"MARKET","136.9200000","0.01460000","-0.000716","Sell","SOL/USDT-P",1764012545,898000000
8434,"592175057002299393",22919,"592175058636506112","0.000899",376673398,true,"MARKET","136.9689744","0.01460000","0.000000","Buy","SOL/USDT-P",1764012521,407000000
22919,"592174969710183424",132,"592174969598509056","0.000899",376668757,true,"MARKET","136.7900000","0.01460947","-0.001224","Sell","SOL/USDT-P",1764012182,179000000
8434,"592174964015104001",22919,"592174964486177792","0.000899",376668470,true,"MARKET","136.8737764","0.01460947","0.000000","Buy","SOL/USDT-P",1764012162,252000000